filename	sha256	size
CLO_0003771.byEnhancer.tsv.gz	557c4448607a4c96e0ab1c26d9169fbc4b7a7f4b311ef1c5ff6bb031732ef639	1170339
CLO_0003771.byEnhancer.tsv.gz.tbi	1d027ac51d3c64b29478636c8eea88fc832ccbe6912691a9f9490ff7f91e0f28	233899
CLO_0003771.byTargetGene.tsv.gz	270770ee8650c01bb7b1de35a6b1bd1fe479036af4b6267065699995eddd6d0e	1320540
CLO_0003771.byTargetGene.tsv.gz.tbi	935c47cc026f876c2b117df4c9d7fc57bb3465467b921c2338cadca099f07b9e	138252
CLO_0007045.byEnhancer.tsv.gz	d7219a8b22e4275fb78b039c18cad9f7979fc02d0982918c3466749f7513b70f	1152910
CLO_0007045.byEnhancer.tsv.gz.tbi	0caf148c00c8183ac88bb7a76ef94623ad26de7e36f957ef1927d88da8e22e7b	245677
CLO_0007045.byTargetGene.tsv.gz	f82b4cf0e97c1b587c0499b5d8c6da77d851be6acd3f30b00325d9320afe3381	1298574
CLO_0007045.byTargetGene.tsv.gz.tbi	c49da12d2849f65e2cf8f4bed4b4fe7414ffbc028ae5ba43f0b0629b00ca9c70	137619
CLO_0011092.byEnhancer.tsv.gz	7e6704766ea8bb91336ccfc97208799e5f146bd8f5cd16f692d92083a2c8f74c	1114092
CLO_0011092.byEnhancer.tsv.gz.tbi	b55879e872207041bade6fbcb01e2841ce1ebb4c635382cebb4991d88800be21	255288
CLO_0011092.byTargetGene.tsv.gz	91ed4eb731767d6f0f1123af9e07335f6ff97221a0232b8c076bc621a69606f0	1254902
CLO_0011092.byTargetGene.tsv.gz.tbi	d17880a9770afdd37d04416ab3b980d638a99742ff4c04befbe5f94a5405e00b	139059
CLO_0016536.byEnhancer.tsv.gz	192a4238ddf6fb056d049abb7b29e4c03ba83fd4f2b3d1a489286bd45efb08da	2663942
CLO_0016536.byEnhancer.tsv.gz.tbi	f81365d1057e309c6303e0c66f57d6f5fa15d38d69f3f227f84c1e40faa48ff4	288093
CLO_0016536.byTargetGene.tsv.gz	91e2fb08aa72c1203670a3a41813fba65dd9fcd9f559aa6549d8424ee190c3d1	3070543
CLO_0016536.byTargetGene.tsv.gz.tbi	d0992e090ca686385c3ac646d2ed1b9d59e26ff24aeccf19131e138fd02b465e	145503
CLO_0018812.byEnhancer.tsv.gz	06f665b76456a4a9b4c11e2cc1dec6808e9c2903fddc1c457b88661176ece193	1126902
CLO_0018812.byEnhancer.tsv.gz.tbi	3d0b6cd64043b43e357f2da573f99cc8da55711e9a0799c3b9e9e63282ab5ef1	258806
CLO_0018812.byTargetGene.tsv.gz	3043ab4ab4cb13aeba03759f34f7e6190a9e4e259acf694db3e6b500f50cbb24	1268702
CLO_0018812.byTargetGene.tsv.gz.tbi	707b9344ac94ca68360a150a93e57ddea877a32ed4b2bbc627f5dac5dcff8bfb	138918
CLO_0018813.byEnhancer.tsv.gz	85a0dd0568acfea3f7297e379820113fcde310e66170cb7da0aea67e8fa7be02	1137229
CLO_0018813.byEnhancer.tsv.gz.tbi	91af5cda16dd02ff455d6cde0abdf2b59b385908ec37fe478172023eea4aa681	258378
CLO_0018813.byTargetGene.tsv.gz	ea38b8d23e9746dacbc8ce0f4bab05fb38f863c250f410f5cca68763cf239a52	1278123
CLO_0018813.byTargetGene.tsv.gz.tbi	446f7dfdd12bea3f7da18ec14fab4680fd9e7d3af933433122087c87fa5e65e4	139536
CLO_0021511.byEnhancer.tsv.gz	7bb242786343710b528fdc93154fbba6f22da582577f03b590eae3123b86113a	1133413
CLO_0021511.byEnhancer.tsv.gz.tbi	423fe75cf42059d1c31b043e414a7368f594495e4de49fa76f339ba8c31af3f1	258964
CLO_0021511.byTargetGene.tsv.gz	b07f448b38c8d0a664d3a658b46c5af8cebd9b5475dda33ef0255c3e843b6682	1274230
CLO_0021511.byTargetGene.tsv.gz.tbi	84ac2b80117d925cf1580fb5950f1b2cfd27d0882882d1fd1eff5457f84aa24a	138360
CLO_0021752.byEnhancer.tsv.gz	ea34c7a417e9a7ec17b01ee1703f910e6a74e3ca5134120e8944601d20903ac7	1112296
CLO_0021752.byEnhancer.tsv.gz.tbi	5f66d5c8ba6078f0759d14476716cb0b93b025f64bcf7bb9ab01742f09a2ce51	262300
CLO_0021752.byTargetGene.tsv.gz	5940cd73cfe08095b2059184ada87f5979520a23acd074063ac816d8f0890be7	1251465
CLO_0021752.byTargetGene.tsv.gz.tbi	7227c6b86e80553240c0b52b381d6e0fcd072c04d23006500c11f2ecc1c19ddc	139413
CLO_0021754.byEnhancer.tsv.gz	fb8295494a7deed29a38c2fcb2798e0f7589d478d25adbe1395d2f327e257509	1109851
CLO_0021754.byEnhancer.tsv.gz.tbi	bc4141149825f986e8ee8f251c87bffd713599700c38ffb062d83f5fd2007f7e	260460
CLO_0021754.byTargetGene.tsv.gz	dfa41520f9d6ec5265c00f2944067c121b8a126610fc2af66fdb24b5076064dd	1248389
CLO_0021754.byTargetGene.tsv.gz.tbi	154f721d4777a9ddfb58960d96a5acb356a5aad5caf87d57d4daa3dac8400c45	138783
CLO_0033902.byEnhancer.tsv.gz	bb409480bbbe8b2ff9902d875a9a94e415bf2d0b9e187c26847f2158b2c87aa7	1165792
CLO_0033902.byEnhancer.tsv.gz.tbi	fa2962681c5524f5e50e3290742c0c2ee4ffa9e4aa4c9d2c0a580033912fe67f	237374
CLO_0033902.byTargetGene.tsv.gz	92e7625ed59fee51c898c3e31d81b8ce9eaa4f5b5b64341b70f10bebe76a3961	1312037
CLO_0033902.byTargetGene.tsv.gz.tbi	b672f20128d8e76157c51a047bbeae373c60b17684c33494e2c539ab711c152d	138653
CLO_0033911.byEnhancer.tsv.gz	e47a7e2d8d5f9ebe6d42b6953a5410adfb0134bb47c749587b56382ce087dc69	1136831
CLO_0033911.byEnhancer.tsv.gz.tbi	59d3d68c75277f116bd9edd5e5265b21a387f3b441bf1a02a2d769ad47e7da02	260870
CLO_0033911.byTargetGene.tsv.gz	f58b242cc67ef5c76ae516df99b0a369db0b9103a3a9065ae294d83621fd68ab	1279451
CLO_0033911.byTargetGene.tsv.gz.tbi	baaacef2eeab9de95c03e367fe2368709ef433edc862e5a17f63b08927606b2b	139121
CLO_0034837.byEnhancer.tsv.gz	0506ccaded16d9137fa95d0dd45a4df487f091467ef274944425f06e1e86a79a	1109013
CLO_0034837.byEnhancer.tsv.gz.tbi	346f1d68ac9348253dabd120c8a0a278143017cbe015f743f0f8c7dfd4648635	262163
CLO_0034837.byTargetGene.tsv.gz	f0d5f5905955b487f0765b569efa7bd901d7dc3ed1e1d399284e4f3a37dfba18	1246355
CLO_0034837.byTargetGene.tsv.gz.tbi	4dbacb27f9b6f17a04f8f8b4e9348907a10ba6591ad7fa98e6f3cfcb5d68fd21	138236
CL_0000047.byEnhancer.tsv.gz	9d04de4ff47ccb42db5567822ce09d3e93cb800d25dfe3f3ad820abcfa4c3769	1032848
CL_0000047.byEnhancer.tsv.gz.tbi	774a0a3cefa31d95cf3956160c7bebc6fe2b4ff136739e474fc2ecf484cf6f7c	240133
CL_0000047.byTargetGene.tsv.gz	b3d6019e91d8702c760a9db9709cc81243a1fa0c8df2912f63d5018390e7254e	1172550
CL_0000047.byTargetGene.tsv.gz.tbi	da8d9256991a226b4f8f5142c5c89ec2b6616a9dea084f0d19c6dc4282d38917	138966
CL_0000062.byEnhancer.tsv.gz	c3757bcfa7616a5dfed28c7df5e271dac74897acf8d6f762750474093813e6f2	1219318
CL_0000062.byEnhancer.tsv.gz.tbi	5ae866e286c2d78cf142140f0020e175fab9525503e479cc808ac45930e80d00	203663
CL_0000062.byTargetGene.tsv.gz	3a11ea38fe5df99cec971f6a4a17f7ffb081bc3e62ace61950394b6eab9ffdd2	1373631
CL_0000062.byTargetGene.tsv.gz.tbi	ee80d873dc0d7658c97aa5ade21d79bcff74b4a09718e66a881d2d80ef77be8f	137525
CL_0000084.byEnhancer.tsv.gz	950f7ff2f4130f95fd8c9fad62d110aeca13d895f879fdcf38b8188cc2a85c4e	46712105
CL_0000084.byEnhancer.tsv.gz.tbi	ed6129d8dd9327ea6d6596ed8e1c597fd2576abdcb9c45f1bac79c9481345c68	409363
CL_0000084.byTargetGene.tsv.gz	bdde24d79c3e320966abb9165d43f917ace084b9f0c5c2073efa74ac333299bd	58646332
CL_0000084.byTargetGene.tsv.gz.tbi	5967cbd8fcf42f48b91b84cababff7d9c20679525b3eaaffac3a97f943fbba50	205600
CL_0000103.byEnhancer.tsv.gz	fcd1764657112e4809adc9d465aa4cca755abc5d3005f865e8ce4d7c79502dd9	1124094
CL_0000103.byEnhancer.tsv.gz.tbi	3bad9a4591e0027fde8718ecb21746b2c3a92678eab8387b766df8ce9e1f7235	247262
CL_0000103.byTargetGene.tsv.gz	5ff898d05645daed06f5a7f01088417b95df17f1129118cb40a1e62811df203b	1270685
CL_0000103.byTargetGene.tsv.gz.tbi	32f7271614357af81c50c0b291c80153bf4a2c0abfbda9ed1ed3359bba1c00a5	139466
CL_0000115.byEnhancer.tsv.gz	8195cab3c72dc99cf22c250640cb4ab7211186ac4e3b1fcb89927456d117a65c	1174018
CL_0000115.byEnhancer.tsv.gz.tbi	8e68fdb650b8acf0dfcffc65395e186aac2da822b3b00372f51578e1b6e56d83	239382
CL_0000115.byTargetGene.tsv.gz	43f0d0020c7066777e96a92a47b57d002951eb875da764492c9f98c25ee7d3f5	1326181
CL_0000115.byTargetGene.tsv.gz.tbi	c7b8b3661a72461dbb3ef28998d376a691dfdd766e0174c09e5f0e10595fb7f9	138953
CL_0000127.byEnhancer.tsv.gz	8423f4c47df803bc5a0b995b188db33b6e0a8b2deecf273f7f8b2f82abfeb548	2221011
CL_0000127.byEnhancer.tsv.gz.tbi	8cff4938015f473c9aedeecb07c703e0344abbd6c3713c8787b875c9ced493b7	319469
CL_0000127.byTargetGene.tsv.gz	47a73543c57724f65c4a0311e39fdda76ed1a0dbe546b15cf13330c935f0e20c	2478965
CL_0000127.byTargetGene.tsv.gz.tbi	9e099af2fc0c3c295b6bd95958819ca8029e447fb4a8287ddcfe93afeeb83a2b	155240
CL_0000134.byEnhancer.tsv.gz	9222644c87d0364e3142933daebb2fce2edfd7b2db78ee3124a5952b68ab5ca4	1176288
CL_0000134.byEnhancer.tsv.gz.tbi	73057e7db4fb39a3542995f317c5fc1b9d1c376573b3734e0bd10a1c19a874ea	253286
CL_0000134.byTargetGene.tsv.gz	2933f6f37cc0b9fd4c52eca8ae82de20fcdb78cb405ab854f184361d580cea7f	1325276
CL_0000134.byTargetGene.tsv.gz.tbi	f6427d8114973cb9444e1e4c3217c2dea494220725f3b2e523849f409d9c4d01	139446
CL_0000136.byEnhancer.tsv.gz	bc9e033b415649462f2d5eb3cb5c50b7c0f7de116df483af63c6571c0c94acd8	1115257
CL_0000136.byEnhancer.tsv.gz.tbi	5bda0daea9f64468dabaf18f1c554badfd8a5d0f86f8f45c3917a28792998690	253964
CL_0000136.byTargetGene.tsv.gz	b4c3a2a9b38530769d435bfeb0e190f2be943f3aa6e30eac0b0c36717c0fbc12	1259878
CL_0000136.byTargetGene.tsv.gz.tbi	38321a9abbba39052abc891b73921d828180bcc495c458602a0c671186e0dc48	139560
CL_0000137.byEnhancer.tsv.gz	af756592f9b58a9364b929b0ee8c83d36f0d6e12359bafa41a9393dad1c4da7b	1170080
CL_0000137.byEnhancer.tsv.gz.tbi	06f4df1139ad57acea2c09058c46f48b0e8ace11fcb5ac0e25cb92d47f73d15e	226152
CL_0000137.byTargetGene.tsv.gz	8b37793639e1a57f707eb5176236a0020ae99bb3c472e2289bc2a4ad888f3905	1318893
CL_0000137.byTargetGene.tsv.gz.tbi	1f300767b5f07926876fac213b04b2640ed0aa8e842e76f8d135562676dd581b	137447
CL_0000138.byEnhancer.tsv.gz	d801da70df6c2596d5335c7c09708586a1e0ece5e4c746214fb059e0c637f018	1286355
CL_0000138.byEnhancer.tsv.gz.tbi	de918c5fde452e27265f92cd77eb38c087fa16d94c799e70ac3aafbc0d98c72a	199871
CL_0000138.byTargetGene.tsv.gz	66f315565f7617b5d5faf8930c6f40f6a61997db95ffe53635d0e5588650fad8	1444241
CL_0000138.byTargetGene.tsv.gz.tbi	3c1ef7bffc09ed160814b0efb15b73912ca6c635a6332b5115b563681956a755	137268
CL_0000169.byEnhancer.tsv.gz	dc20a1728b58a1ad6df1ee9c2f5d01e8be56f3cbffa11e1229f5e7efd83d8444	1221080
CL_0000169.byEnhancer.tsv.gz.tbi	de2f080a5b44ee764a6772cd105bbedfcca60b3484ebb27b00bff1f7fa30bd56	213641
CL_0000169.byTargetGene.tsv.gz	939467377c0bdc84e13095f364af289ee6333b61b5ebc8292564a7a5709fdcdf	1375335
CL_0000169.byTargetGene.tsv.gz.tbi	f38d93aa9b2fa22e9584cd577ef4e3fdf337cd43337bc59f16d76eeb90d096a5	137755
CL_0000182.byEnhancer.tsv.gz	141d7463488ed890173c437eb469c09d433fb70467718018cffe9d23fd4e1306	2210746
CL_0000182.byEnhancer.tsv.gz.tbi	25444692a78576d69ec3f38422fcd16981aeac8bbbbf5395c4d86dab1d34a56c	263466
CL_0000182.byTargetGene.tsv.gz	6c4e4a8464c61ada10e1fd09259aaf6188ff7bf0ea5ea746089d49ff93704a5a	2488145
CL_0000182.byTargetGene.tsv.gz.tbi	dc1eb2e9115b005f2f20b8802ad4380b6262473b57c49b05de98737b36e98f40	152729
CL_0000187.byEnhancer.tsv.gz	d9b4926ab28f6e570b544d05e6ee4232c0f4d7aad4a114b1e510c2906a9c1024	1180735
CL_0000187.byEnhancer.tsv.gz.tbi	cf69875af16c2ac481586852628d1e34f68559aafc2a3f7dc04099566b0444fc	254354
CL_0000187.byTargetGene.tsv.gz	b0f20794ab08ea552d21a13ab39096f4790388b6c8f6af629e6cf666784eeb3d	1327715
CL_0000187.byTargetGene.tsv.gz.tbi	c0aa8c15eb9842f1fe4b2b73e75e9a2f9ac59c1c982dccc2950749dd79181762	139294
CL_0000188.byEnhancer.tsv.gz	9989370aa298643a0cc686353e825496c4a8d10cabf6b0bc122eedf63f72f98c	1082315
CL_0000188.byEnhancer.tsv.gz.tbi	08c91e2f162446983c694d881f765621a92a04b67eeec045378037b3fd0f3c75	259191
CL_0000188.byTargetGene.tsv.gz	68131a18d824a776a430700a2edd331854154866fe984bdeede6ee7a5899877a	1220634
CL_0000188.byTargetGene.tsv.gz.tbi	1c4451fd27afeada5ddb76f75764c24c7363ec157d8d6ede30d501a1b30168f3	138562
CL_0000222.byEnhancer.tsv.gz	9af84fde4094fb2dfe103e16138afec9c39d3f2787f389256a4ae4d130043da5	1148183
CL_0000222.byEnhancer.tsv.gz.tbi	ccde5782e62a49f5d52bece6f454f37aa1f47ef8aa08d4759b61499946a0d9e6	257345
CL_0000222.byTargetGene.tsv.gz	4a9bfe19d2cc61ff48a8a7cc0c3a63940c0c163d7e5a22705783b3056bff1709	1294156
CL_0000222.byTargetGene.tsv.gz.tbi	6e7fbdd5cc4085bf4c1714a89a071982e1cce20e98494f8ce4b499bd1865a622	140080
CL_0000223.byEnhancer.tsv.gz	e42693c4606208218dd22638fca3424e63bdd40ae372b1e0f3938b3da17c547f	2160519
CL_0000223.byEnhancer.tsv.gz.tbi	8a869068192eb5bcbdbac14c669211dc69c459d1ccd0f7b23c943009de322319	255745
CL_0000223.byTargetGene.tsv.gz	1a08b9ccd0a54fb04127350ba45c93784ba4d2c00fcf460a89bd2d1d0cbc69b8	2451634
CL_0000223.byTargetGene.tsv.gz.tbi	80a60805d6c8be21d0f05061dda1a5bdbead3bc74c6dbda8263e10498b675b03	145424
CL_0000236.byEnhancer.tsv.gz	457198cee6bb3773e17d670d67b7af5f05b2bac3962588ab8615cbfc9861c5c4	5947399
CL_0000236.byEnhancer.tsv.gz.tbi	190d7e4e244c6724115f222b99f851ad718ab7a8dd0ee5f4453c06bd763aa4f4	305371
CL_0000236.byTargetGene.tsv.gz	c8052ad6a5e52f5b9afe465b00eaca3561d47bf229de1774505b7ddcb514bac4	6927767
CL_0000236.byTargetGene.tsv.gz.tbi	1c450be10fd94349ecd9fd6c390ecb58de9f381c0425771163c8525f4cb89551	161944
CL_0000312.byEnhancer.tsv.gz	a9e8f9e20da5a362bfc9b9a61277f20215b371fb59d95660334fb8b9a09c3126	2171224
CL_0000312.byEnhancer.tsv.gz.tbi	c78e806c36f037d6c0a8cb0f0417170850d54ec39c05b7c03662aaee178544f0	316774
CL_0000312.byTargetGene.tsv.gz	1502e6d9f6c0bb5f36f59966c7ebc63c0dc044a634d49650d9ee9d07512bf4e6	2445400
CL_0000312.byTargetGene.tsv.gz.tbi	c34bf18608b84ed0efebc06fcdb745888ec040ea5f5a944176036e82597c274f	156198
CL_0000351.byEnhancer.tsv.gz	d8a5cd09e48c27f0316e0e5f10edd5f0d656de25ad0d8e46a6a606d9936ee358	4566758
CL_0000351.byEnhancer.tsv.gz.tbi	af0c0b025d4c4d801a59a605064ebd6400a610d8d96e6904cd004ce322a65ebc	359752
CL_0000351.byTargetGene.tsv.gz	6de166da159f7f7a92515525c887a92a376c2b4e14227b6e658b6421f0546d7d	5299922
CL_0000351.byTargetGene.tsv.gz.tbi	432d44677c5e309a2b010d8977037628803d0eb4bc9d84ae27e98fb821c0755d	158680
CL_0000515.byEnhancer.tsv.gz	27701c2556714e066ceff1976d30583504e5e3969247de4610c24909e1e82cfa	1131681
CL_0000515.byEnhancer.tsv.gz.tbi	ccf0dbf91f34eff0a976b6030ebaf5ab52efd7c1383d1042cae77bf41c12ac10	261268
CL_0000515.byTargetGene.tsv.gz	ba93b818e948e351167bffbbc755164ef2af01c49207a60225cb29b554acdd59	1274556
CL_0000515.byTargetGene.tsv.gz.tbi	8f6d5721f9919228e24eb0410854b1e6d41d0e8819c5a59f56e9b3c0f6a3fed3	139150
CL_0000545.byEnhancer.tsv.gz	332343bd852b16dc70b41dcf42246a430729e45cfffed7ae291eed1e9746e536	8918451
CL_0000545.byEnhancer.tsv.gz.tbi	7eb0cc5606390bd382a995836c6b48cbae36d976a49497c64b97c30733682985	366281
CL_0000545.byTargetGene.tsv.gz	2c75772f7e1b93ebf7537c208850883135e2fa7e02a4096bf55017fe3b9345bf	10473284
CL_0000545.byTargetGene.tsv.gz.tbi	e9f913cca8ab40a1341fdf9d75383ac3d3dfb3ffe592fae4a2b93309107ec3af	176985
CL_0000546.byEnhancer.tsv.gz	25a80f7c7830e6c784575d7edd54df06979b1291f2cec08decd32e6e2635ee3c	8745056
CL_0000546.byEnhancer.tsv.gz.tbi	7a7e1b100a2aa6e80cf887fe182fad60cb12417860316d690abdf2979133de5a	368501
CL_0000546.byTargetGene.tsv.gz	0fbf63fee802cba25bdf6bc69e41a962624efbfff47f95535a12530c1d6f9589	10254516
CL_0000546.byTargetGene.tsv.gz.tbi	c8c1720edf99836cf9496221069cd81299c6e72f197f8428a9e4494c0b6230da	172200
CL_0000623.byEnhancer.tsv.gz	d8d7537e3d90d8eb9db8503ce28f1c88729630d2e33db01bfb6a1d63ee0e4120	7018401
CL_0000623.byEnhancer.tsv.gz.tbi	bd06c14bb25ab3c718575a8a616827d010431c2e47830c956d43bf103dd4ee08	359628
CL_0000623.byTargetGene.tsv.gz	60b02eddef3028429ff9c2366f14e5e4740ba2893328b6f9353ca43ccf7f7f84	8140526
CL_0000623.byTargetGene.tsv.gz.tbi	9e1806172f83686c3b05b4391668c260093d8aaf108577493c71c66011bd4a60	172292
CL_0000624.byEnhancer.tsv.gz	7b53e568e9c0d42355c46ec81d4175b736896584059932150fa730cbb37d7957	37550890
CL_0000624.byEnhancer.tsv.gz.tbi	bd0b9e1bddbc81fc9fd9fad44efbd259b06df2b2146719fb4557320a8dd7cd80	416013
CL_0000624.byTargetGene.tsv.gz	db214febd4facd8f71334753af1bbe93b76ee73f3dee8760c2c66f2f4b7bac16	46871975
CL_0000624.byTargetGene.tsv.gz.tbi	d0fded3270cee23a76476a402dfb5f2a594b9644116f188f9fa001d12aaafddf	200783
CL_0000625.byEnhancer.tsv.gz	f33722c9168010931f9ef47a8ed55bd194bca42eaf218ae6d0a1a629fc5a057e	18949743
CL_0000625.byEnhancer.tsv.gz.tbi	3f09f5976c856b94aa7f7f463a2fa4894fd57a5f654deefc529d388566c1a7e5	377660
CL_0000625.byTargetGene.tsv.gz	60f7af7b2f48cc197494a591298c2d947183d37af30c90613cf0235c5b453cc6	22994652
CL_0000625.byTargetGene.tsv.gz.tbi	92aac335d11bef325429d1bed570618b1b6d92a1af508ea1f72d496ffb9f7b6b	184301
CL_0000632.byEnhancer.tsv.gz	d96326c15aa0e04581aee1eae24330b5133767d55b5c63f9a27a840d52813a2a	1217602
CL_0000632.byEnhancer.tsv.gz.tbi	faca37e39d06df77bdfc668962f15676b880ec2e724a79cb1d68f14743df66fa	232619
CL_0000632.byTargetGene.tsv.gz	088250589bb7392e5fe70f943d057512214db2679c6a052ef63705b5c1eae210	1370111
CL_0000632.byTargetGene.tsv.gz.tbi	d9e92edd970b58fa043ece1132c8eb8eec4690525b9bb4184b6ba87d552b8fbf	137672
CL_0000653.byEnhancer.tsv.gz	16587c3ec44333822441c87ff4e32a9cfc489b2f83b917ee300b2cb091dd7eb7	1140085
CL_0000653.byEnhancer.tsv.gz.tbi	bbdc7064bea17849fe1a415d25febff77b6962734439d099e4f6936c57461121	246929
CL_0000653.byTargetGene.tsv.gz	649c27f1b05244d1751418b7eb73e90ee9385c6e947528e7690f44039a8f0ded	1285819
CL_0000653.byTargetGene.tsv.gz.tbi	5bd6f358ea90281e007c2aa3ec3ae91659cb1f43d79c84afd89330db96b04c2f	138383
CL_0000679.byEnhancer.tsv.gz	d33b407079e333a4368f12baf0dcc085891b27365e647749fe2201370404156d	1255811
CL_0000679.byEnhancer.tsv.gz.tbi	ce49f64111678248d60a2fd772e00547ddf6df9259482b3bc76d313cab2126db	221848
CL_0000679.byTargetGene.tsv.gz	975fb017baffc4148bdb537da1311d76215cf52aa5a3263a30a238c8d39e9aec	1413451
CL_0000679.byTargetGene.tsv.gz.tbi	02e0f2f6066b0f238ddb82ad17bb755186ef986ca83916f8e22e896dfc89bd23	137823
CL_0000706.byEnhancer.tsv.gz	9d760e6b91bbc9ed949787959955d34e58ab8c89914b46224f09f13b6a3cf6ac	1131845
CL_0000706.byEnhancer.tsv.gz.tbi	5e1aff5474a9f328311d9d5ca064f5da9eab606310f4b795ee14431b0617b767	260417
CL_0000706.byTargetGene.tsv.gz	256e513f93236fb629f9b95975078587e8115287e0ac57d7ef3c2977126c2fa0	1276896
CL_0000706.byTargetGene.tsv.gz.tbi	f0452492917c332ce07cb8f532ac65184744eca61e7962ad5f9c8419a2851d62	139227
CL_0000746.byEnhancer.tsv.gz	68a0223a561226facf977b66c36cceb9bbb4e28a23d4d94a9bd43a040a2d682c	2853170
CL_0000746.byEnhancer.tsv.gz.tbi	076ca84b0f04317734624094a9197ddd040cd23bca11e15eeccf4e8174b4ac58	352368
CL_0000746.byTargetGene.tsv.gz	54005acbbc55cb4d080eb312bbc9b45048cf7349932869dbbb422d044f296344	3246129
CL_0000746.byTargetGene.tsv.gz.tbi	471d5f2d1cdaadcca57872b086e532b3dee4f7bb91bf0611fda7bfb04befe262	155171
CL_0000787.byEnhancer.tsv.gz	1d1e2b8800fae1798ef1f7644847bc671824f5955d91c2ce2f1c209902179bd8	2341757
CL_0000787.byEnhancer.tsv.gz.tbi	1cdea4053b0e1d063b21fda440840622bc100d114ca6ca08e1e932df47d24a8c	250297
CL_0000787.byTargetGene.tsv.gz	582b9b5b81cbaf532c78a720829ff3900c1ca9bcac37ac1aecbe1e3741ab62ae	2664610
CL_0000787.byTargetGene.tsv.gz.tbi	520c6ba05f98b295ea5f13bdb1248f491d4bbba420c5f65f3c7fb586d9146d60	143039
CL_0000788.byEnhancer.tsv.gz	13a0e5ba2b5546cb725c0788c897e7eeaf8fd2beb73e479a5542c0de83770602	7583660
CL_0000788.byEnhancer.tsv.gz.tbi	230ab344c1b420d155af7c9b40b3313b020b9da0f156a8664834f60c37952436	325539
CL_0000788.byTargetGene.tsv.gz	c0e08ccd7ef40ce491aedcad3016c3d5cb557728513f8e4fb8a680e1f5cf06c2	8888438
CL_0000788.byTargetGene.tsv.gz.tbi	ba59887ee729b3b295c7ddb367077850d1eebad6ddd426c56ce6bffcfc111b3a	161753
CL_0000792.byEnhancer.tsv.gz	5428590b4008298094cf6b5a790e61487dadc0faff5069ff26be7b7df4c7207d	5320427
CL_0000792.byEnhancer.tsv.gz.tbi	408faa731edf94a9654a69413443c20b81a060474811b788db58b14f58ab6c29	336380
CL_0000792.byTargetGene.tsv.gz	2c57bc82029ae74d39a4f0a2beb977640ae688daaf2ad73fdd3c375a117176f8	6130645
CL_0000792.byTargetGene.tsv.gz.tbi	fa70623842cce2de7316cc213310ed4b2f2d36888c8a25a7393de15e86674e14	164745
CL_0000823.byEnhancer.tsv.gz	7febee404a2aa83cf3b0e13facb91f171574ae8e1fcd4f7c0811a78047eb5edf	2667167
CL_0000823.byEnhancer.tsv.gz.tbi	6ea6acb20ae9ac74908d17ccb91b0a0fb1467acbb8def76365881674ca370f5e	267170
CL_0000823.byTargetGene.tsv.gz	072ad1bd2ed8bcfde1e447cf4164881e2633b41dd6157ae3acc9956b62c9931b	3091378
CL_0000823.byTargetGene.tsv.gz.tbi	d7f32c70bf969e8368fbb68d1bf6cf8148540cc20c60eed046fc541875d94deb	147968
CL_0000837.byEnhancer.tsv.gz	d5754d44909ca5a12ded23ec7ec086e6fd5af89bf3991c5f868a39cd681f5732	10748587
CL_0000837.byEnhancer.tsv.gz.tbi	1b7ba323e833b1b4bc088291c9b90dda1a7fe2a802f126d444184c3a06831c4a	416649
CL_0000837.byTargetGene.tsv.gz	d6f947821c151d89f463e5a9f404539aec111a713e92928cf93331e0251d75db	12726132
CL_0000837.byTargetGene.tsv.gz.tbi	293da2d83306dea0fb4ccb312b8868a6ad448a29dce73472ce5ca93cc48d9933	182452
CL_0000862.byEnhancer.tsv.gz	2df82568e2fd0ca1add5b3311091d2cee073a8f1222828d3669fb2d8baeed5ab	7159496
CL_0000862.byEnhancer.tsv.gz.tbi	bbb6d16f645bba5bd27bb8dc49574a4a941ddd864566e5fe7a6a934c8c9e2768	313399
CL_0000862.byTargetGene.tsv.gz	1af72ef3207b45ba53dbc9545e9271cc1038f549ec818f8e686bc2f0b5942e21	8551530
CL_0000862.byTargetGene.tsv.gz.tbi	2f9f55c9632b4092d47ffbde122d67fde7bd4a65d14f51ee4c6748447ffd044f	152816
CL_0000863.byEnhancer.tsv.gz	ef262050c4a5d8a9e5ae08d7812948bbfc0b1104d6c1790ee79398784b988ad9	4822754
CL_0000863.byEnhancer.tsv.gz.tbi	f0784d400a9aca5198503b4cc6bd6d2117cf32736b092877690cefb9419368eb	304013
CL_0000863.byTargetGene.tsv.gz	c344dd22c0d0ac6a2a52169d6c5478f99074339b09f3f14e7a223fdef92ef2ac	5660226
CL_0000863.byTargetGene.tsv.gz.tbi	bf37f54db7e4562dbe21fe754a372a18fd1ce3c4422808e89c448baf9df2b6a0	150757
CL_0000895.byEnhancer.tsv.gz	7ae335d803f99ee1f5254fcfc523388daf9a82c808467a6065db18922e95ad57	13932655
CL_0000895.byEnhancer.tsv.gz.tbi	104879b6e03f8cf2841994c7b1618539cc9970f3079f88c2e6acb6047ba76ab8	370303
CL_0000895.byTargetGene.tsv.gz	16f203b3de0f04e8af3e42b068b5e3fae19be52a69f53d91f9bf52b00427fa8c	16620029
CL_0000895.byTargetGene.tsv.gz.tbi	a90576107f44d9064b78292ad7aed6d2af9da06f0920ce81a4ff775d967608fd	180115
CL_0000896.byEnhancer.tsv.gz	e5b53e550ea9539d1e03d2e6e94060dcc7a0ba977aab226c72831f4e0454ec06	23751768
CL_0000896.byEnhancer.tsv.gz.tbi	a6ce07dbaf93ff8cce1b33d4c8cb796bfe537df2d4842ea4b04b3f30d30462d1	372526
CL_0000896.byTargetGene.tsv.gz	5ff7a321f86474f42498c8f1f0728ff59ae9d546ed5bede1c06f12f2e7d91f54	29255400
CL_0000896.byTargetGene.tsv.gz.tbi	4caf2bbade3755e64b8d269c97ad90e8b7ff1905df7297a1c0f32334db196eff	179602
CL_0000897.byEnhancer.tsv.gz	63aa98e3a1170b3d9cf9627fcc28e050614db9f4b19ac1b2388949eb86eb9eb9	4480766
CL_0000897.byEnhancer.tsv.gz.tbi	8e4423be47477d5151fee8267d84099449e1b95098e434909d46a23787d887d5	292042
CL_0000897.byTargetGene.tsv.gz	a913cf95bdf28b8fc6d89bb904cc9ae81cd841b4b642a47311033107ae7aab48	5223779
CL_0000897.byTargetGene.tsv.gz.tbi	4593b6fc2d4de99e598d94d9401368b15479df6f44b581f30ed533c0310c3dd2	154612
CL_0000899.byEnhancer.tsv.gz	9e04118c21dc371d2b96772647f036d0d0d95397a7a1563cfa8599c03ee16fd1	7080754
CL_0000899.byEnhancer.tsv.gz.tbi	c5f6bbdbae3a15e6cb9ba6010704c7158d98408e51460dbc8aeb3512e66cbec8	349579
CL_0000899.byTargetGene.tsv.gz	a0e33e7ccd0586ac9a827474fdbea9b2f6badd2b99dd2cf7363065aedc63a473	8243144
CL_0000899.byTargetGene.tsv.gz.tbi	2464acdd12f8cd7767065fa04b3c871763c70981c26af20d9275415c3bf7946e	169129
CL_0000900.byEnhancer.tsv.gz	fce75a096fb9a7b1266268561309238a6954aadb4937b9bb48ada4bfa1f96af1	11847028
CL_0000900.byEnhancer.tsv.gz.tbi	4c3a21f11ed4cba67ddfa000122e2f3e8f7a455c986748c2c871318581a4018c	333612
CL_0000900.byTargetGene.tsv.gz	0c481ea1e3cc31e2c840dc2382f7b464b6f014d071edad509ca8f1f182ac9369	14154660
CL_0000900.byTargetGene.tsv.gz.tbi	8a4082ee627d0f4e7d6950586e77ad48666d7065835355dde0a833691df8ab83	167191
CL_0000904.byEnhancer.tsv.gz	14ace6b63a89339509f5661fedec74139b30f5760e23a17b08dc5ebb527cc9d3	3877665
CL_0000904.byEnhancer.tsv.gz.tbi	09903cb3e05f6b6491cbd016b166118ffe24c252797c21f2b2e8d2c0178699c6	305770
CL_0000904.byTargetGene.tsv.gz	2ced08c511424a11d8152a1b6f8a31641f4323609083ae2749fadf4fba3d9383	4470689
CL_0000904.byTargetGene.tsv.gz.tbi	daec5f33173c915b1b1aa481cd610c4569c5f2860001cb15bf13fee91bf43fe0	155247
CL_0000905.byEnhancer.tsv.gz	fffa214ac38a40bc200d5e4c4161dddbeb58fe8e2fd3fe5192a5f5dd66b6f053	3301369
CL_0000905.byEnhancer.tsv.gz.tbi	5aa831ee827972683e3b72f6c836aeebc4e375427793a9bd3902212d270a67b8	284306
CL_0000905.byTargetGene.tsv.gz	140b408c8f95b257a73950ede25492a35056161cb6790885f2d2482d1a656cc5	3787380
CL_0000905.byTargetGene.tsv.gz.tbi	42d76912d23eabd53e07b897e38e5feb17fb5915f3fd7f5858c7fb0af184cd23	152649
CL_0000906.byEnhancer.tsv.gz	48d5cb79de61cdf00fea7a5dea0df9e834fa1fceb1a1b499347ca4396d938afc	2193628
CL_0000906.byEnhancer.tsv.gz.tbi	6e22e320a908fc10c0dff29f7fdd658ee25cecf648065b15b829b8a3ab729aa1	261421
CL_0000906.byTargetGene.tsv.gz	f564b3a88a3965a5e32c8623ebfc2f40221d7a5dc70ce5cfe9f25f818b648bc4	2512607
CL_0000906.byTargetGene.tsv.gz.tbi	987d7ea579a8165f2984578f71538089c975c07d802daea9476f1125666ae70e	143620
CL_0000907.byEnhancer.tsv.gz	b16fefb2532903c9b4cf5ec243db12fd2ad8de2c36c3fc44ccd91606d40869ef	2307840
CL_0000907.byEnhancer.tsv.gz.tbi	15c326f88a6d9253e483387c18c5da140e575fde3b39f9a281204d26762cfe64	263099
CL_0000907.byTargetGene.tsv.gz	23158b8b8e8c667519057dbb55f42f786e36efc5ff1e4c64fab2eb73c1dd353e	2627969
CL_0000907.byTargetGene.tsv.gz.tbi	6852a00d62a79ecc09df6ae973c3b21b73bdbb32952c5fccf7615f9be58d5b1b	145095
CL_0000909.byEnhancer.tsv.gz	294136e16d076841182a0ad3d08c415e66e7c9a25a72a0be2bdaca16d4bb6e00	4316263
CL_0000909.byEnhancer.tsv.gz.tbi	e6e6c54bd85ea4e2d1bdec75468d3cfbc9265746e5a3d916539555f4e9212f5d	285673
CL_0000909.byTargetGene.tsv.gz	e3185a770abd2dbc5b75f1d3855b9f7846f3cab355872ed2317569a921041e39	4991205
CL_0000909.byTargetGene.tsv.gz.tbi	63b4b4c82ade816493487c55c0e9cfcfa1472a9dc7d1ab730b21a48b0c8f4c43	153834
CL_0000913.byEnhancer.tsv.gz	19d10d6e1558526ed7d2730c176631b04e21f737393ecb4beedabdf1b9867398	3333833
CL_0000913.byEnhancer.tsv.gz.tbi	de1fcd0f7ad3cb33f3db35a60809b42dbacdf8022503bc55249396e0d4086ba5	262595
CL_0000913.byTargetGene.tsv.gz	f415467dd5efde76524c989c5a365761acf9473a7ff947cde9355b2f6c2d37bf	3842418
CL_0000913.byTargetGene.tsv.gz.tbi	494d664e3f181a110bdec55dafa6633bfb63d35173d77c97867ffca68187e503	146999
CL_0001042.byEnhancer.tsv.gz	d094b4a8cdd931df16da4e77de84697e1ecdbec8df058bbefab18d7ce1ac473e	1318926
CL_0001042.byEnhancer.tsv.gz.tbi	11dcdb68d8eddeff988ae6f9c4b0ceebcde622b05bf10a67f59983fa5bbc3c4e	234760
CL_0001042.byTargetGene.tsv.gz	d3fbd7b985fbe6235b651fb1c273e8ed4dd7c65233f68d93e0617000643a7d88	1480862
CL_0001042.byTargetGene.tsv.gz.tbi	346a432ecd1653a101ba7f4afa8da456563ae13412111af8910afc0ee262934f	137480
CL_0001044.byEnhancer.tsv.gz	e070129b3d246019bc5faf5f8831de2dac0ff76b37c170fa624556b75b333dc8	2332951
CL_0001044.byEnhancer.tsv.gz.tbi	0d419bc97163198b2dc1bcc9d6fb2261687cef0fabee619800d58a812e4e0902	266489
CL_0001044.byTargetGene.tsv.gz	8620cdacd474d70d5806fd83d553a6b4db6cc4ed523ef6107a445dd9f59f2e3a	2652082
CL_0001044.byTargetGene.tsv.gz.tbi	4139f8443c0c5c461d903f7cdc993959069ead2f07aa8859422f4b164977521d	147303
CL_0001054.byEnhancer.tsv.gz	1bfa3f7e159cc5c1326c15fdda6ed9b9e3f41cd2cfbd43df1531514c69d7723c	7772524
CL_0001054.byEnhancer.tsv.gz.tbi	a6fbf4b9160c8acb702695f1298d1817cb5109a4a2e84bb31a87e3851821fada	340770
CL_0001054.byTargetGene.tsv.gz	d819d1cbcf21bc6335181e5a4cfaf09ee0b41360c88a006e50b977085f8ae9b1	9143628
CL_0001054.byTargetGene.tsv.gz.tbi	e7468f2d4bb1d526d6012eb92e79e3feb360fae44f619ceb3658789541333e74	172715
CL_0001059.byEnhancer.tsv.gz	5c6a97d26ec697b79fd67afadfe6570350c839df38ad5b8c27aa2d82d0799698	9547788
CL_0001059.byEnhancer.tsv.gz.tbi	f95c129a550c05756448d29b5c7792d90a673378675e09c27583e27b4e84da17	357317
CL_0001059.byTargetGene.tsv.gz	a3aef73363dd36aa23de372dc43afb05e390da05d40e882375d1837f370d7aac	11388047
CL_0001059.byTargetGene.tsv.gz.tbi	1a97ad9a1ba6cc052ebec52ce94b7526fac3562a39fde15c269ef32ca236a804	164305
CL_0002038.byEnhancer.tsv.gz	a2a5b640244e1d3b0e23ec947f6e06101d37deefc9daba04cfbeca107d81b17e	1254576
CL_0002038.byEnhancer.tsv.gz.tbi	329ef06af0aa30e579f2267f3b3e5bd2817fcc23569c9dace65e19bbb6e0886a	238307
CL_0002038.byTargetGene.tsv.gz	1902e83b5390f39accb1c29471a75b9008d5b43d56586640b033f26a6a6b5890	1412887
CL_0002038.byTargetGene.tsv.gz.tbi	af95e34f55cae610893c1cb3c1a3e7937018fe442c4b130c0a0922129eb19463	137144
CL_0002061.byEnhancer.tsv.gz	0bae3c8b7798167571a2785a26c2f1e9c2d01aa4c38f69996cef59af74d6d417	1312576
CL_0002061.byEnhancer.tsv.gz.tbi	f336523834aeb39e686bc4ec42126df0acda1cc43b95503df6699756a3a5d4a8	228265
CL_0002061.byTargetGene.tsv.gz	a168093d72242397e47c308ff2e3bbc79b3d5ae80fcac04cd60d047b505f96fe	1477096
CL_0002061.byTargetGene.tsv.gz.tbi	07bc89e071434aa76c073a33f7d4a4c9187ebdc94edd6148a476e4d93c32a343	136704
CL_0002188.byEnhancer.tsv.gz	6ee547b7153e53ad10b19fce1cc80c4b1445c5800713b71031a696df3096fe7a	1182270
CL_0002188.byEnhancer.tsv.gz.tbi	3d3d9fcc3ead1c4c32258986e1f957d9a517cb4948f7402deaf67aa88becd9fe	260136
CL_0002188.byTargetGene.tsv.gz	bf2fc759da7a7f7c4b7e9be95f7683ac9135917d43a4a82b431ef54b2e35bd19	1327943
CL_0002188.byTargetGene.tsv.gz.tbi	34c22992870bdaabccaae6e12544af082fbaabb1fcaf9046f9c27743c52fe33a	140381
CL_0002231.byEnhancer.tsv.gz	b531cc8687085d960e5e265fec5aa1ab5dafbf7ca990eccab9ff2e3a324e4db0	1085962
CL_0002231.byEnhancer.tsv.gz.tbi	73e3af5c1ad185c260c3a1038057ca081b1093a0879eae2e88d4498238be230c	257478
CL_0002231.byTargetGene.tsv.gz	600cf827e2af946b3a54839f54fb0eb6e32152172b2032a92bbdd9882f2e1376	1224373
CL_0002231.byTargetGene.tsv.gz.tbi	39ab568e311fcbc166ebb067ad0dc470eaf0b957ac533657600ee48d5ca5821f	138594
CL_0002252.byEnhancer.tsv.gz	11c34b1831220544febe8e918d7aa61bdafebd4f2663c14d7487710befe08d10	1124210
CL_0002252.byEnhancer.tsv.gz.tbi	500e51f8ca4da8c92e8e0dbb0c7e98c0cda897a058e06baf7c13abcff271362c	256847
CL_0002252.byTargetGene.tsv.gz	a5d7a205c8383fa19e0000b94d27e0b67af7670d4cad08b30910018e900a3580	1267401
CL_0002252.byTargetGene.tsv.gz.tbi	f3b0405f4aa2effe48f2a658f0e8277683264aa6788e1c1bae75fc583caa9bc0	138791
CL_0002304.byEnhancer.tsv.gz	fa49f50d2866e69d9c4b240050340ccc72acc50e1185f54000697e3e4f23ffbc	1095635
CL_0002304.byEnhancer.tsv.gz.tbi	2db2c3642de2fe4957a1f1ddda7d5378bdc959729840088329e015f4b8eaf267	262571
CL_0002304.byTargetGene.tsv.gz	7625cd338e1198ff85a66941b23aeed2ef859fd7eb7486f505c283c017dfe629	1234589
CL_0002304.byTargetGene.tsv.gz.tbi	51eebcd104e27c2a8e1f951729b387a1c2bff909b60532f475fc78db0b2d705e	139240
CL_0002306.byEnhancer.tsv.gz	1addb16802ac0ee13813845cf62c5388c1735d5eb570a228aa7d5d24207c78a9	1132992
CL_0002306.byEnhancer.tsv.gz.tbi	6b7e4c147a3b0d740dedd275a6038dee32d89e73eb8269cebefb105ebd88e68d	262839
CL_0002306.byTargetGene.tsv.gz	fd0329411aa331f8d9b64010d110bec6183b25c4f9db336fbf8887e2bcfa862c	1273799
CL_0002306.byTargetGene.tsv.gz.tbi	ff21b387f794544c9732af5a6a8393e8a9e1c537566136d6f937d29351fcfcb2	140362
CL_0002327.byEnhancer.tsv.gz	1ad649245af97d31c79bf01d0570653422ed79ad08f86edb1bcc60f181b3fc73	2910037
CL_0002327.byEnhancer.tsv.gz.tbi	0edde0184b3063f66d9afc52d13906c375dc1e9eb38a17ad0414450ec3386dba	331602
CL_0002327.byTargetGene.tsv.gz	a7d01fa572af3e5393045230b4fb909ed8f2711aef2da13a22bd026b2532ad8a	3309700
CL_0002327.byTargetGene.tsv.gz.tbi	987224e02fc54f960b1cabf1668e0d2666772fdd25b31ed3646fb9c8229c7df2	154176
CL_0002328.byEnhancer.tsv.gz	efcc9f1e1d7c70b2a21e6cbdf9f8b0f1a0887b61fa69446b6667c52022cf7851	2055981
CL_0002328.byEnhancer.tsv.gz.tbi	7e1292fdd7d3078cca6ac6da1a4ca8a63b8eb33b3fba0618b9b1f4f02761bd0d	312606
CL_0002328.byTargetGene.tsv.gz	1a63b770f70018b12708c0014fc283f6f941014f3c35717692601d4f2bd215ed	2332561
CL_0002328.byTargetGene.tsv.gz.tbi	91900dce37549ea463331bfd5cddbbd856fba9adb64ffaa59a8b2ce73ee7a7b0	151410
CL_0002351.byEnhancer.tsv.gz	f417adfadf5a5fb6569f556d45d3044076f773da57154f946dd30783140112fd	1152229
CL_0002351.byEnhancer.tsv.gz.tbi	72e19c9ec24bd0095d7197c834042368e095c8e2f0590175b6de4b3365c69ca3	228678
CL_0002351.byTargetGene.tsv.gz	8c4ba794e52f231213b23c3cd4583f35c28f890088d9329e05662770ac8176c1	1304253
CL_0002351.byTargetGene.tsv.gz.tbi	b1af008b13d1010dc17eaeab412bb584493ca23a71f744e5fe883ca8284894f0	138307
CL_0002372.byEnhancer.tsv.gz	206e956860ddae047f24b5f030b737e9fa7d16ac0d6eba6ab9da0df0da80575d	1169222
CL_0002372.byEnhancer.tsv.gz.tbi	4fe4c1485b42615967a74f2139166d132f2afcdfc497f52b6d6aae066ca1b672	256648
CL_0002372.byTargetGene.tsv.gz	af7f9aa733cb3118ea6f8654c4a96687dcc8d655217e24506d2b00038d02ba31	1315551
CL_0002372.byTargetGene.tsv.gz.tbi	3f950b474deeb3a1b1051764cc65d9502e4dedb942707fa9188159b87f9acd6b	138855
CL_0002399.byEnhancer.tsv.gz	aedeb1afb8d2907ca68792b0a775cd90b69a8e6cd5a0b9d60ba64c6466989c8d	1279112
CL_0002399.byEnhancer.tsv.gz.tbi	371b97f9faf88b1dfac1e1d1b9394e44dd7c0975d06ad655a934d4231c0976d9	234265
CL_0002399.byTargetGene.tsv.gz	b93ecb8f2932ab8e8786748c9ff711050256d6a98572ccebe4e688ec3458ca02	1441180
CL_0002399.byTargetGene.tsv.gz.tbi	d3b7ff4e900e03bbfeffef9de86fc2b4a2327f3fe7a0fbfe86e2e2c9429bb9f6	138211
CL_0002518.byEnhancer.tsv.gz	6702e15e170509993da8937e4aeb0f118038ef9a3bc21795d80e81a4ccd7cfa9	1127748
CL_0002518.byEnhancer.tsv.gz.tbi	c04a0bd6a9e703e503c24cf28d6dfc7dfe8a82e11410d1ea8893f264da8659c4	265386
CL_0002518.byTargetGene.tsv.gz	9b72e6591b0f94e51896a2883add1b3b851e2c119e97fd3e726a9d3fed5d2d5c	1269188
CL_0002518.byTargetGene.tsv.gz.tbi	739404b100e0171b8b529ddc45851e5586c26f569a52e44da941c7ddb4783db5	139883
CL_0002536.byEnhancer.tsv.gz	06b93a5b7efa44b1fbf77e9a683e7b990c81f769644e9181cf8e4869274863af	1136456
CL_0002536.byEnhancer.tsv.gz.tbi	4cfb3e0c0ad86da0c675603bb627128955db555fc4e381211402488f44ff09cd	260024
CL_0002536.byTargetGene.tsv.gz	16231967e614edcbd093f094f58add70af54483da115f6422bba8dfae3608547	1279758
CL_0002536.byTargetGene.tsv.gz.tbi	2acb27afe4fc9bc8c688de4f3dd0cddac90f0ab8725fde6084f9d931f9274bff	138911
CL_0002547.byEnhancer.tsv.gz	a0efa2a3a469df7e9580bc9e811a331a977b6767138165b8b8f2a458f7d0854a	1150617
CL_0002547.byEnhancer.tsv.gz.tbi	77f6558ccb0bb000bbb40c20373c1afd92077980d7d948cec3f6dc995d500bd5	261937
CL_0002547.byTargetGene.tsv.gz	7aeb230aac8c4bb943c4bf4756c9f4827f146d3331ee9f67821f327aa9264588	1294360
CL_0002547.byTargetGene.tsv.gz.tbi	5a57df69b0ae1516d26323f00932a6ca4f04e4ea39531ab3cc8f55bf4059fb93	139271
CL_0002548.byEnhancer.tsv.gz	69b24c6ac2405f9e5adf7b1b6cf2dae2fbb19e265cd05a0d8dd63241e5780f59	2854486
CL_0002548.byEnhancer.tsv.gz.tbi	dec09f191f2a3de91a14d63f8051eec5e2a89b85493b89661625bad61f5aba34	343276
CL_0002548.byTargetGene.tsv.gz	77aa0b82311824b057829a38d6cbb415d6f580b41948398dbeeee59a24cfc73e	3263135
CL_0002548.byTargetGene.tsv.gz.tbi	99d0f747ebb6c77e0f009c6f8373c71da00fdefc92bda9085f49b18411a6a58b	152381
CL_0002550.byEnhancer.tsv.gz	95996340fa1b20ad56e0681dbbe8fe3e0073fe83d36d2e82da46c31575446e55	1118440
CL_0002550.byEnhancer.tsv.gz.tbi	0bd5021c35550f929aa1c48d5062838135bebf1413864e52bbbeda56a892bab6	256179
CL_0002550.byTargetGene.tsv.gz	2d4f024fc6ee70fae29be01954007756f63e4abffb9b81740d6b524f2994f2e1	1262807
CL_0002550.byTargetGene.tsv.gz.tbi	22119567ae26496b6723349dd7d8c1fb286a3d80cb3b28fdf14383127c0b3db6	138343
CL_0002551.byEnhancer.tsv.gz	f0be45d5713266683c321c7eb84259a05ed867c0f0275636a69efe956c05405d	1132365
CL_0002551.byEnhancer.tsv.gz.tbi	0e3bbffbf1018edff38ef5fd703937ac966363b0002787f6d3482fad9ee17859	261866
CL_0002551.byTargetGene.tsv.gz	ed917d4ed28fe412cccf90650cdf74dcf92c88ee6c261304d77a0d4849ca18d6	1274128
CL_0002551.byTargetGene.tsv.gz.tbi	4e2b357f4584e42d1189337e72a6eb95c8ae5784609498d92896358c4ef24d03	139002
CL_0002552.byEnhancer.tsv.gz	df5995fe79acdae826b01756a1d6192534e43ae830b990e4619e67469c146972	1114968
CL_0002552.byEnhancer.tsv.gz.tbi	f9f51056a814f61eedd788bd09499b714f4cb3ec43b2a332596f20697a7e38c1	256068
CL_0002552.byTargetGene.tsv.gz	adcbfd56da6f77273ea2b4cd34b1b1eb8928cf35c5154a18f3ebcea6ebc30ca1	1257939
CL_0002552.byTargetGene.tsv.gz.tbi	e2be602015bd4be3ad6001d4a718e2d45114656a34ce8e925dfcca6859ab9165	138984
CL_0002553.byEnhancer.tsv.gz	ab9f3cc6cbbbf8a19880ef6b5d11abbcb037192c0ff78164372ef7b049b77124	1970692
CL_0002553.byEnhancer.tsv.gz.tbi	8fc227e34845d816f1e182e971c94d873bf1ee7914500a8bf903016927db2379	316588
CL_0002553.byTargetGene.tsv.gz	9a57407aa13fd63e1f5c7e94c418db4a83b8ea1b9a68555d536de9ee7ba02ba2	2231412
CL_0002553.byTargetGene.tsv.gz.tbi	c52450e3552f656ad0d7bee90f47849472449108bfcbb3bc8770d0c0dcbc90d3	147505
CL_0002555.byEnhancer.tsv.gz	ea447e2313bf5cabc4171700fc6748f6f600830bf19f216210a82bd927acb50f	1137520
CL_0002555.byEnhancer.tsv.gz.tbi	d3ce28c83bcc6559c193d0e091592a179745494ea09ec77cf09dd36171e0eb83	260695
CL_0002555.byTargetGene.tsv.gz	e2426f29ce6671ee6ab674a66aecc99b8bfbadeb92d2ac6362730509aee809cd	1280143
CL_0002555.byTargetGene.tsv.gz.tbi	1e590668778a5cb4f75c210cc654ec470bb613252ecd96ae83bfd07e0db58869	139294
CL_0002557.byEnhancer.tsv.gz	25d6d1b042685d0404d9e08d49ed49e3955c8828e30cfaf8c024473554f5c40c	1142765
CL_0002557.byEnhancer.tsv.gz.tbi	8a451fc2781c0025841e3ec5a579b2ca5b3e0ea12330811aa453d8e44d8b1093	260048
CL_0002557.byTargetGene.tsv.gz	961975f2a11c3f364061aaadf8d233d37112c5a63df2842d2588a4aa44d83c4a	1288498
CL_0002557.byTargetGene.tsv.gz.tbi	96d1a472b9d9a71f4044fcd54fff91136da7b647e1f6d5aa5cdf54e5293d7bb7	139066
CL_0002558.byEnhancer.tsv.gz	655c02c0e4ed8a8ec8d82854cfe6873b054eb89170b9e58c970162e0d0f9b964	1178575
CL_0002558.byEnhancer.tsv.gz.tbi	b400ef6fc797e7b65a2cfde6cc8feedee2fe548bef39bb24128f1b00a3e4d083	254975
CL_0002558.byTargetGene.tsv.gz	d069b6ae0ea02bef39dd956137898bcbc07ab1a44a26c5520b843c1e9488f19c	1326298
CL_0002558.byTargetGene.tsv.gz.tbi	e74a13973b3eedf219888bda945f1e8e30177d122f443a128a156c0509c4a3c9	138551
CL_0002565.byEnhancer.tsv.gz	0d1d0ed0a185ff01cc16cf8055d57e39fe0464ae3deffd03a9b33ef5a6c5d049	1120952
CL_0002565.byEnhancer.tsv.gz.tbi	4b276cbd997f6d6551475d492910614692c3bd1eb762d90f8573f4dd1709c8e0	257724
CL_0002565.byTargetGene.tsv.gz	0b21abcaf0e79337853ff109061f71b1bfc1c1c7540add73c5f6d1f0020aed40	1263500
CL_0002565.byTargetGene.tsv.gz.tbi	507bc84194d411dc06737174faa3c0046b3001ee1cadc28d4b391ea2fbe9205f	139466
CL_0002584.byEnhancer.tsv.gz	7850b759079e886c705790862a692ef5aae03be9629c02e460fa5e0113417f2c	1135867
CL_0002584.byEnhancer.tsv.gz.tbi	50f2119d0d461f312475514c15084206f1a19e9ab1862c9035eeeb47c9267686	263920
CL_0002584.byTargetGene.tsv.gz	2e2425c2a8612bd4f7b31abd28a9418776a3516add7d0b384f17b87b153221bf	1277814
CL_0002584.byTargetGene.tsv.gz.tbi	148a0ae47a1944d56f138d807a0a7a7280968e504fcdd12fe7ec8fa177659dfc	139421
CL_0002586.byEnhancer.tsv.gz	af5ae7a026a0587adcc90301046f79ef925b84946ab2659e4bb665f1c37cabf7	1063465
CL_0002586.byEnhancer.tsv.gz.tbi	0f932a539ff320e7e35e5689912d1c7a8654d204ec8add5b3b45211f00710c2c	256413
CL_0002586.byTargetGene.tsv.gz	354b91758d8469c4672476b5515e3d8d35d380449802606433eee7591a33e512	1200607
CL_0002586.byTargetGene.tsv.gz.tbi	80171b1c8ff6c696bbf05af4cec01cf94c69c85b953e18031e15df314adc7e49	139504
CL_0002590.byEnhancer.tsv.gz	25f06bc270368c2d29f06d39f3f1e757c7cfa97259807f9b6b69e1c9302c67af	1129048
CL_0002590.byEnhancer.tsv.gz.tbi	08960c0cebc71a7239d45291c19e960f12732a4cbb393c11c8bebb8a22e2254e	259597
CL_0002590.byTargetGene.tsv.gz	bd742d14f7ecd36b7d9c4009b2a37f599a72dc6b6aadb60497c2a9cf016c04ed	1271982
CL_0002590.byTargetGene.tsv.gz.tbi	c4f51701a746f531ddc039bcbfb71070764290660036c1e23e41e727d326b134	139058
CL_0002603.byEnhancer.tsv.gz	7a9ec3c956db7d5777c2321fd59db5d26637ac5f76e88f707a2c1fe9c370bfd3	1068699
CL_0002603.byEnhancer.tsv.gz.tbi	d678b7b12e4186e00b4775bd19f66b5824fa5f583d2c8332afca137d1dba0c54	263175
CL_0002603.byTargetGene.tsv.gz	2b9a023bc8320e0997958ba9918a40837ff541daf9f02e3f024727a37fb83d5b	1205697
CL_0002603.byTargetGene.tsv.gz.tbi	0b825b22aac5fc37bbec0589ff9d977c5311de30c193521398a1ecbe0bc1fd43	138843
CL_0002604.byEnhancer.tsv.gz	ad0d689031d2002b067c7893ea892c66dd706e9d556a0745bc51eba665349f76	1137871
CL_0002604.byEnhancer.tsv.gz.tbi	dc9bd20798e6e6913d4311a15713b400313548aad87a7325d3363325d1d644f9	261266
CL_0002604.byTargetGene.tsv.gz	3d287888f5eada5f6673f3a0c987e1a93abd92bdfc3bfe5d085a2db28c107c35	1282498
CL_0002604.byTargetGene.tsv.gz.tbi	6dfd5d62420d079f2e3f09b7ae5f01f533cac3402caebb741818bbae181e4d18	140159
CL_0002606.byEnhancer.tsv.gz	ff598eb9b2a78520fe89a3cde54b04f7a839de5dc5d250539796b624e412fa56	1110149
CL_0002606.byEnhancer.tsv.gz.tbi	1e41cc31e7e1c0e146b578810d55a6a0465eee531865b49a97dc91a8b13795db	261873
CL_0002606.byTargetGene.tsv.gz	1b03cdf3931eaff40794973adb0d5a3d4706aa21330af9faa8198aa4107823e3	1249261
CL_0002606.byTargetGene.tsv.gz.tbi	d2225879e87a86fb6ecdaf2bb4bb66149f40328f54a48aa6f30f9e65a47b6030	139611
CL_0002618.byEnhancer.tsv.gz	5fb313fb79381f4eaa8a61a1966c0773d27eb498c47dcdf95250f3137e9a89a5	2064147
CL_0002618.byEnhancer.tsv.gz.tbi	5e0acd9f6f5d547a879cb8692595be5c73ab9da15612920604d6acdc26aad687	301052
CL_0002618.byTargetGene.tsv.gz	d1d164d2622dee1535ef3918a495537fbbacc8000e9a7cc8f5daf975f26ebeae	2329911
CL_0002618.byTargetGene.tsv.gz.tbi	36954f7ce3f0abbd6de9e00ae656d723e7be2ee80c86d73492522930bf5528ac	152331
CL_0002639.byEnhancer.tsv.gz	dfd977856f1beb7fabe6b1b1f2b8c10d0debd519b9b4a8cce09949da1b13e12f	1074248
CL_0002639.byEnhancer.tsv.gz.tbi	5870346d7c032555746edd55e64cc793240c180dcb4560414426fffbd1df9841	255040
CL_0002639.byTargetGene.tsv.gz	2f729870910e248585d396339bb24b50939a5a7984e3542dd2c634685bfbd68f	1214728
CL_0002639.byTargetGene.tsv.gz.tbi	1d2490b0d6a2ed64c946646e8abbaa5fe8a4d7a93a4bfb553e52761f188842d1	139748
CL_0002664.byEnhancer.tsv.gz	035bbc8c3907968efa72be6041e9e655c486dee9f5a1698b7cf57f2bfe85c52a	1095442
CL_0002664.byEnhancer.tsv.gz.tbi	81ac60f0d6ede02e0221ccfc254140a43f1753ec978571ee8bbe219d378fbeac	257597
CL_0002664.byTargetGene.tsv.gz	4d13bb71d39fa9f5b937dce0cc73336ce28e8db923828b1b75683ae181b7dd5d	1235228
CL_0002664.byTargetGene.tsv.gz.tbi	1d55ccf1a93f06ff096168b47c679d8ee5038a3f1e53f55bf9b1bea36b7dafc4	139746
CL_0010001.byEnhancer.tsv.gz	27e601d901bb27c8bb95932b04fd0d5723476bea94d233101521d9586ee49509	1102170
CL_0010001.byEnhancer.tsv.gz.tbi	db738143162372f94496d744856294448242056cd92b88bd87d86d89450ea81e	263091
CL_0010001.byTargetGene.tsv.gz	06695972ae3aa9cd0b1f5f7f4062a39f256e7b32c519e86bb5cb5babcc06c3ff	1242295
CL_0010001.byTargetGene.tsv.gz.tbi	6e598f1a76b433b5b16ec46b58c31e0ff139c90af42841d44e123147abb82c44	139335
CL_0010021.byEnhancer.tsv.gz	5407479c255b1aeb023e24a341e270dc416dd827e866b99ca171b959499e356c	1111343
CL_0010021.byEnhancer.tsv.gz.tbi	7d06746e8e4585f3d21b2ee43b7d4e051a972e51ded592da2a9f7a4bed51b942	248735
CL_0010021.byTargetGene.tsv.gz	bbacaee71eda78e941f711b4115bebbbc14fb98ea516c5383d30f5fe620bff6a	1255543
CL_0010021.byTargetGene.tsv.gz.tbi	86816b01e046c464bd31b6fcb7149c99830241f0285aebee8aeb8b282e6edade	138690
CL_0011012.byEnhancer.tsv.gz	ba7e249566945cab3db8eee60d72ecc6f314851f0589e8df3f32caca208f7e21	1158941
CL_0011012.byEnhancer.tsv.gz.tbi	8e1111514a4e1da6bc31ee77dd1efc4adfded66fa1269570ece7cec790248df6	235024
CL_0011012.byTargetGene.tsv.gz	bb9b46a5c1abbf48027fee82a64ada45f143c99bcd14b9926b54341f4a3cb57e	1309239
CL_0011012.byTargetGene.tsv.gz.tbi	19bbd9b864b15c7ce12d368a7cd9cc08b972b4e4ee4d3fb813639ce7deea614b	138625
CL_0011019.byEnhancer.tsv.gz	7a80d64a5bf786f4b2e2d1687c16d1785d80a1e5297d2402772305e130ee47ea	2191145
CL_0011019.byEnhancer.tsv.gz.tbi	ee523f5ec23bfa3ae2f42b357bf4fff9ec7f08467e3af14320d3703aa2c2e85b	253164
CL_0011019.byTargetGene.tsv.gz	53b25ad06e5e0fdfe33a813b3e5cd89300236afbe04c2e0884b82d9b371a6e21	2492554
CL_0011019.byTargetGene.tsv.gz.tbi	ea64ace0c2cd20e1f39265bc27c807b9262e79403439b9a697f7835e19083915	144995
CL_0011020.byEnhancer.tsv.gz	173ef0b7d9df86fd961171b5a5a2aafb19a4dd3c8d15d2b43c1af4c33e5a4d33	1080726
CL_0011020.byEnhancer.tsv.gz.tbi	673d97f55af5f8fde7d2580987430213b2c66d0dfce3b369b52998261626521e	236843
CL_0011020.byTargetGene.tsv.gz	65227d8cca865094ea62c1337f483c06b604fb5fee18e82cba7ffbee495d1fad	1223761
CL_0011020.byTargetGene.tsv.gz.tbi	3b6611004c699d48bb1baf0d82a170a70343cbd04d2c86f0e0cf7fafb0d6ddf9	139426
CL_0011021.byEnhancer.tsv.gz	21b27e9d313c92ed3bf51f8d7931d27d9a8f9ba930c50d457a31b9e5661fa707	1849877
CL_0011021.byEnhancer.tsv.gz.tbi	4a62aa1a7873b6f07c1332b6e818d796b49ca514380f53cdf108ce6880ade52b	295590
CL_0011021.byTargetGene.tsv.gz	7851f8df318a9ee3bc44bd6e941507f905bc1c759b1fb6b9179a64dd6db1de15	2120312
CL_0011021.byTargetGene.tsv.gz.tbi	8e11cb7d6a5389f0bfc8dde0064f2d40a566ab265b754439fc40c5c4b28d3bbb	147547
CL_0011022.byEnhancer.tsv.gz	332671958ba43ecee010085eabcb67712b5db59313e0b4b69548f3e6455d9023	1091030
CL_0011022.byEnhancer.tsv.gz.tbi	b90fbe2a96f2de4a7e1743650b36624eda27e14ff3fd7a927ea5794132df613f	256480
CL_0011022.byTargetGene.tsv.gz	aa5189b6e207dc07cb7831718d015703a8970f48dce045be96084e0442000930	1230098
CL_0011022.byTargetGene.tsv.gz.tbi	e160900f7991f24edf825bfb84b21be10d0524cb8222b0d4e78d31f39215c8d4	138860
CL_1000507.byEnhancer.tsv.gz	a7e7d25b6c88e68b7d24ba7bd8629ef72abc0be07c57f339aca0f1810b1edcbe	1964324
CL_1000507.byEnhancer.tsv.gz.tbi	626887b3faf228f15b406c0d5e2afd960ac3043ec0136ab3e7ed3f1a52bb68d8	287668
CL_1000507.byTargetGene.tsv.gz	70909b626b17d31f05cb9119df24f34bd829e219514f314fc75cd39bb2baea75	2244338
CL_1000507.byTargetGene.tsv.gz.tbi	06e6a8ee3b047bbe506cd81af3e8b777a4be53312d7a525075f55637626430b0	145589
CL_1000510.byEnhancer.tsv.gz	9417b8f038e0ace5ae74bad35d7225a820786b7a134b5e782115b861d03a3dfb	1131439
CL_1000510.byEnhancer.tsv.gz.tbi	2ea0241947b21e3f78d9bb63705ed967c34c554193c8310b2f121b871f48a79b	258106
CL_1000510.byTargetGene.tsv.gz	6f0db23504b1753d1a3fdb016c0f2690692ea856a7c73824b30757af761180fe	1273497
CL_1000510.byTargetGene.tsv.gz.tbi	d90ffe9eab5593f3df9e172740c81e24ef5dc8a738ef1e716fa36ba7478daf6e	139821
CL_1000892.byEnhancer.tsv.gz	3f7613d8ff1e81ddb2780baadd13ed22d89cbf269fdbf66682628ec109b06a0f	1165382
CL_1000892.byEnhancer.tsv.gz.tbi	c72e248ecad1e5158371a78e4affba60b0c17348778bd63d7a02ee2717f0bdea	250094
CL_1000892.byTargetGene.tsv.gz	09afcf4a104955e867ef9551afbbb6e10f3d7aec55ca090ae9a2e9324781f2ae	1312825
CL_1000892.byTargetGene.tsv.gz.tbi	16a99e5c02622cea1e6f00f3b07fe8325b720edf02999abd8827b0ca17cd3562	139436
CL_1001568.byEnhancer.tsv.gz	adce92d539d173df6efa4867a5578a80ffaf9524a46d17366be2c181637c0e30	1143184
CL_1001568.byEnhancer.tsv.gz.tbi	7f7f5c572240f03b44c273a50ee8e49caa4e83a240bd83776e5ec004b04a6be1	250967
CL_1001568.byTargetGene.tsv.gz	c65557628f2e51937b839314a538102d8cee9e58491429008b6056aa04a8415b	1287991
CL_1001568.byTargetGene.tsv.gz.tbi	44eca76d0858e7cb79f461e463dd75e137505d3e9792bbecd3a118d310122ab2	137809
CL_1001606.byEnhancer.tsv.gz	5c82f029eb85ec7728706278cedffd2b5a787659ee842c9c4a9e08049f705c73	1864450
CL_1001606.byEnhancer.tsv.gz.tbi	9cfbe98ef826dba97d0140e92e4731db647e151eb00fb2a69c8693a20077782d	286549
CL_1001606.byTargetGene.tsv.gz	f339a21a43cd157da01650b743e14ce2ab965693ba5c74598fa620228268a06a	2131191
CL_1001606.byTargetGene.tsv.gz.tbi	4599ef0f4b992e38161f8e66c415af4b56f4405e8e2f40ca9599570ada0ede4b	145210
CL_1001608.byEnhancer.tsv.gz	c9e7245e1fbd262383d051640230c3b3bb482af00767c36ee0ea9cb98ebdef2f	3573995
CL_1001608.byEnhancer.tsv.gz.tbi	ab8f0bf9d48148340b821c331e33d248d9b4dc45707456e7c48dfd625459955f	336468
CL_1001608.byTargetGene.tsv.gz	a99602619ba7a44b7430d9137538b62199631ed3b779e9c181272356c8cbd23c	4148082
CL_1001608.byTargetGene.tsv.gz.tbi	76bd3ff6897f1eefb0765915eaf3cf4eecc16e93203c81f51dd6128b1430bb26	149712
CL_2000000.byEnhancer.tsv.gz	770a78b4da181d1f1064a6df32c5196684d3b29692de07f81a76103c52920ff6	1124495
CL_2000000.byEnhancer.tsv.gz.tbi	39d919c841fa5e39cd36ab56bb381a0417090ba69e279d5e9f06d4ebf4bee819	250288
CL_2000000.byTargetGene.tsv.gz	d4ada99efa42bc309b64aaad6ddeca0f107a56a0554ae91c1379e6e77dbdf46a	1267353
CL_2000000.byTargetGene.tsv.gz.tbi	b41b62c16a58046592f5ccb8f33d0e3ce4dc7482f3433db62f54eedb9a646669	138702
CL_2000010.byEnhancer.tsv.gz	68ebf98a92b8c8af6948e9c02473aa4071ce029e482dca2e8a7f044ebad65840	3698671
CL_2000010.byEnhancer.tsv.gz.tbi	707062dfd0bf9d88a145fce73d194e54bc8b29aece671fc037019471d408d837	324433
CL_2000010.byTargetGene.tsv.gz	56bbd36e8b797e1b8086c7558237535085611d5a149542f8a5ad397dbfd73a06	4288328
CL_2000010.byTargetGene.tsv.gz.tbi	edadbbf8745d77f0a782ca781834ee74c8fe1248e56d79162a16d9d3b55946f4	154837
CL_2000013.byEnhancer.tsv.gz	f1d337c9e51a5d946034e470298c8b3d3768cf229d993eabf779c3ef00d0820a	1804024
CL_2000013.byEnhancer.tsv.gz.tbi	a790d5a38b869c932b6ee6961c1aafa64effbb9f3395c6d8dc352087590979fe	288892
CL_2000013.byTargetGene.tsv.gz	a544b49cccdf1c7e065afed39ba26cd5bf1aa3e56bd12cda0698f9c639f7eb56	2066718
CL_2000013.byTargetGene.tsv.gz.tbi	dee4f19edd02914ab673ec6c6f878924dc4d8bd7493088a1b851c233123247fc	146671
CL_2000016.byEnhancer.tsv.gz	6a34d74a3f071ad2b1de6fef3fb6883b248e89ff62c5d54e05d11be85035a7ae	2058026
CL_2000016.byEnhancer.tsv.gz.tbi	3562fe3e148aac2cc30cfcbd6b7f91ea4a9bb6e9b5f4106c1dcaa928bf9f8945	300220
CL_2000016.byTargetGene.tsv.gz	d0da18921e01f5a513b8afeba22a59743e1a7c7de510640881a8987a73c62921	2335206
CL_2000016.byTargetGene.tsv.gz.tbi	ed6b41c1862fc71a94bf7a97eb40e81c7c946d3e0d10ea0953014e5a09c72a58	147204
CL_2000017.byEnhancer.tsv.gz	2676992b4c3ed39eb02dd63c5afd6277f6c7b1a057334d57106ba7705fd4df15	1143635
CL_2000017.byEnhancer.tsv.gz.tbi	64fea1f069dac04ac922fb9bb5bccdda05b8c06d8b329e181a95c4971c106a7f	262032
CL_2000017.byTargetGene.tsv.gz	aa6573261fbe2b7e30a7986eb338a35502ec2e9a1d19fd79f98b95b40de7ea99	1286260
CL_2000017.byTargetGene.tsv.gz.tbi	149d78be1e7c1017cee684166846ce021ac0e78d4e3df08f0266f0b406422c65	138987
CL_2000041.byEnhancer.tsv.gz	4fe116a36cddb2974028a348d491729c7ecb147816373b9282a70c06b64dd7ae	2035260
CL_2000041.byEnhancer.tsv.gz.tbi	83f1be026210803d9700cf25b61e3bf0b06f6af720da936dbff9bb197dc32e3d	293360
CL_2000041.byTargetGene.tsv.gz	3887fe2b185e9cc09d5e2184b91f800c436ae370f1333efa3cbbcc834dc364c3	2319247
CL_2000041.byTargetGene.tsv.gz.tbi	e7d1bb7de2a715cba57dfa23300138f1a74f82a77a1f505a9ab54539e6143f91	146475
CL_2000043.byEnhancer.tsv.gz	824a526384485f1df01b979ea66f96509083384fc03d68416997128c23dcae07	1098626
CL_2000043.byEnhancer.tsv.gz.tbi	e1f0f121e176399947ed0bacd138760be8777e15a542248c8e5d1db699501e01	249227
CL_2000043.byTargetGene.tsv.gz	cdb49c00dadbfa5d278024764e4ea1db783f95c81080a9db6c146e4d8bbd3211	1240399
CL_2000043.byTargetGene.tsv.gz.tbi	bf9992a121fb7768252f79e2979999d90a4837f198c03beb90952e9518810479	137091
CL_2000044.byEnhancer.tsv.gz	65b3bc7566a48941a98e3403ce802777f0e43eb11ca63b3ca336ad632565de42	2029484
CL_2000044.byEnhancer.tsv.gz.tbi	fb4646d86944500d62e2bd53bcd7e0c2abf36454fe1cbc6189cf39696942c49b	306373
CL_2000044.byTargetGene.tsv.gz	c9316b86b88d481d7f625d24adf792c70bc51f390023ec952c93dd69d62c2ea7	2304023
CL_2000044.byTargetGene.tsv.gz.tbi	aaa23b0e1f3baf91bfdae4960d1ff02ad574f7dd774b5666fedb221a789d28e8	149774
CL_2000045.byEnhancer.tsv.gz	af9cdc70da8c12ccb235a5c2bdb8683bcee3e9873d2ebd0f1b60ef4afcabfb51	1862031
CL_2000045.byEnhancer.tsv.gz.tbi	d0698f91bdb8349fc711a8793fdfaaf8d593ed566a54b6d9a7c6533b95a9a58d	305698
CL_2000045.byTargetGene.tsv.gz	33d4fdee9af0637ea68ec1d51bb7df421c6cfb47e94f8011255bf7a7118ecb8c	2123635
CL_2000045.byTargetGene.tsv.gz.tbi	5bd997df05fc7310454141ec98e88e2fabccfbf3ad4f960f03618e6b8c6cec10	148338
CL_4006001.byEnhancer.tsv.gz	cfd013b988e20cd4e0e916112f719fbe8fdc4732076193ddd435a41ecefe216d	1831249
CL_4006001.byEnhancer.tsv.gz.tbi	43f0b3ea188735eeeba122a4fb852f260f94a95549a066fa0e8ad5c130a84a09	284399
CL_4006001.byTargetGene.tsv.gz	0dab6ac487dbda4260699ac685cc63fb33139c85a4185a86b08271e6211c3a5a	2102479
CL_4006001.byTargetGene.tsv.gz.tbi	95bd14442815041652e568522b41b4beb9e73ceaa222ec68cdf77982a08ef42c	144982
EFO_0000681.byEnhancer.tsv.gz	3dcadb0aebf28f7c8fa2730786a2f1883019505bbc254b53e0a91bab5ccf1b3c	1129454
EFO_0000681.byEnhancer.tsv.gz.tbi	0b3432c0feeaf411abe29469a2044ad1fed74c1027a13596921572a5f31e41e5	261989
EFO_0000681.byTargetGene.tsv.gz	942cfbe4454c29ba820a43ba2340b6f0f8e5e36902b6575d1e847de8debab336	1270049
EFO_0000681.byTargetGene.tsv.gz.tbi	123a6f3ac8e58f8b0916be65c4b6feed2e42392ecf59cdf7272feecfe1fa04ff	139911
EFO_0001086.byEnhancer.tsv.gz	f31752ad73c7d7e2d3c0820d3dc52fcf51793d69b3573133d93e76a3ffabea58	10666610
EFO_0001086.byEnhancer.tsv.gz.tbi	f9890305c36975c9bd0fab3212dacc9c83088934e39f64654d3b9a346a9b893d	349292
EFO_0001086.byTargetGene.tsv.gz	bfafece91708e3cbd052f86ec4a6a9d45e199472db49e8b7de51720018f10197	12715706
EFO_0001086.byTargetGene.tsv.gz.tbi	f9246533552c61d8baeb03f4b8c1e76da6dde065d1afd9e7ad24c5a980be043b	163593
EFO_0001099.byEnhancer.tsv.gz	c350d75da6225df7fad1f7d78cce46377209ed3019a4ca67d82337d4706dfb49	3190785
EFO_0001099.byEnhancer.tsv.gz.tbi	d21306d03bc14c1cebe754123123466b98bfb7357a69657ebf58bcfe4148e3a7	275384
EFO_0001099.byTargetGene.tsv.gz	46d16d5fafdd507a085d572cd1ec7046c5fbebb075cc34540d336b1be402ec1f	3657744
EFO_0001099.byTargetGene.tsv.gz.tbi	ad9b5dca0863761daad6ad37062f35058b5d2a7dcf4e09fed84a3218cb1cee65	148408
EFO_0001184.byEnhancer.tsv.gz	b64d6068e6c45753cd4a66ec771420a69c989919adcb53b589914bbc11155c72	1109596
EFO_0001184.byEnhancer.tsv.gz.tbi	2b427d7b7826f5c64500a30e7aa448c9af6fd30e4bebeeac39ada51429dcae7b	241401
EFO_0001184.byTargetGene.tsv.gz	c1246e64c306783cb92d83b2e58ec743135065f46ae39bec9b0cb9e0be1aed4e	1251221
EFO_0001184.byTargetGene.tsv.gz.tbi	e05d78ca95f8903fb8f5181a8b6c0116f82ab8d687b79db77afe7159e0a3639f	139026
EFO_0001187.byEnhancer.tsv.gz	4e773ba79fc50d431a510e244708f168c241b2a563032c4d2292c94a2533067a	2243569
EFO_0001187.byEnhancer.tsv.gz.tbi	8c308785bb4dfda23c7aef68d033465b7c9b920718b1b3d74a76f3617a8d6743	288639
EFO_0001187.byTargetGene.tsv.gz	eac9ab140d4952b735913aba69a0ce16bd4af40f0e5b617e1e91719005882d1d	2528945
EFO_0001187.byTargetGene.tsv.gz.tbi	5037ee7c6b70a972c3f642b0c29db83c8605b8ae624ce92123367ec32626cd83	151272
EFO_0001193.byEnhancer.tsv.gz	d99716e775ae8de07c9cc19e98a85d3562c497a94dded75b750932f43b8f3fc4	1184159
EFO_0001193.byEnhancer.tsv.gz.tbi	881ed23206e50632481c1b231da9e2fd051f60d0bc0f773a5bce7f9350cb5efb	235809
EFO_0001193.byTargetGene.tsv.gz	2c8bb9075f7c2a3fad8a74ac4523501b017f9f4f30dd3e5e688d59d6e9c9de59	1333159
EFO_0001193.byTargetGene.tsv.gz.tbi	ae5380c24d30acdad013150e4dd85843b9f6c9e6522ac6b743e3a3effa5db04e	137818
EFO_0001196.byEnhancer.tsv.gz	92718a403cc7d1209207b6283159851a77aa98c907626c9364a9eb04457dcc2f	2134494
EFO_0001196.byEnhancer.tsv.gz.tbi	0191cb4b486e568b7491184550983962431ee3e099fc0589463a28c80d225ee0	307765
EFO_0001196.byTargetGene.tsv.gz	d4ddb593c638a26e646f5ec731bc3d2e59ab8975314f79e6df912aad78a4ada1	2398497
EFO_0001196.byTargetGene.tsv.gz.tbi	ddce6a7370e45da3260ca5eab7086b4dbadb2839666371b04ea55e75340ccdfe	153300
EFO_0001200.byEnhancer.tsv.gz	d39c3a6010cb7bf5c463b54439e745e6d01a6f60236775f4171778dca3b29f72	2668275
EFO_0001200.byEnhancer.tsv.gz.tbi	d885e9ca7ffc010ddb4f0169c4c859ef93e1980cebdfee4c6fd191680d9a2251	304449
EFO_0001200.byTargetGene.tsv.gz	65292131b13fb854adaeca331569a81c948b6c4421098350d47ba63a5e43059f	3077891
EFO_0001200.byTargetGene.tsv.gz.tbi	9a6b61a553347baf49c344ecb6fb80387dc89e22cd77dcf3c8d70f2952cc2b2d	148259
EFO_0001203.byEnhancer.tsv.gz	1778606603eb8649e4b576cdfc5b8c6002f44d806038de3954b6c9b633821a84	6075238
EFO_0001203.byEnhancer.tsv.gz.tbi	d93a989d933a9c11ee00b9dbcddb289f6e57272d72b0466b5c0651787b61d178	346021
EFO_0001203.byTargetGene.tsv.gz	00010e2029d2bb1fe6af0e642e1ae29af01f56d3d1617aa73a615d80c6532b42	7057471
EFO_0001203.byTargetGene.tsv.gz.tbi	dc4c19c6ce241f32096aa20b568273f06adbf228b7cb8c5f36459ccbdb1a866a	161155
EFO_0001221.byEnhancer.tsv.gz	fec4fdd95f9d9f921d5362f10fcf869b836dfa33ce6f684dde71f2221ce232d0	1131982
EFO_0001221.byEnhancer.tsv.gz.tbi	a374c4fe7cf7e21ce124a49c50d0916c71776527b28454eb3c9fe1d1d049d73a	238289
EFO_0001221.byTargetGene.tsv.gz	129c9cd23f302bc90a0bf5c92e0ae768f104b667d177a5eafbff3ad4d516d097	1278551
EFO_0001221.byTargetGene.tsv.gz.tbi	b60df9125e956da27a873c8fc365bb2daeb6a2d1ff65a3bd2d733131e33d2467	137816
EFO_0001232.byEnhancer.tsv.gz	7a4c33b23d87f6860ab6a7c49c061d1f6a190f9c8eed68de001af361b3064d5d	1157907
EFO_0001232.byEnhancer.tsv.gz.tbi	4abb4ef00416bac71932cc40bcbe36faa36a19c9d5a776168ba8343c71c1447a	237156
EFO_0001232.byTargetGene.tsv.gz	30bdbffdd623601b644ed495b9fa5f7c6fe0f0771de5441a598eef9b63fd67b8	1308546
EFO_0001232.byTargetGene.tsv.gz.tbi	bd1460bf7a6e09bb95b689434c38952981dfb4f80a32b11428a1ddab40e2041d	137998
EFO_0001247.byEnhancer.tsv.gz	611be47f63f1dcd79f5a3d16c0cd655409a24a22495e7aee289b6952c08446cd	2920365
EFO_0001247.byEnhancer.tsv.gz.tbi	c4f0c8a684d535e0f2aa59aa3cd2c07665dbf5f259beab5225f54f892f436282	306397
EFO_0001247.byTargetGene.tsv.gz	a3a3972ef4cf5b85822c2a200e1170d7f3389446ae813fc2174b099d8881a204	3324336
EFO_0001247.byTargetGene.tsv.gz.tbi	8631794d9ac7947f3abbdd2eb0ea68da76d3fe3082a68b9dfb88b9815be8b4ff	152528
EFO_0001260.byEnhancer.tsv.gz	d7aaf1f874821b1833319b523a82d2dec692ac6dd01e0394a6ee5b651aa07abd	2128879
EFO_0001260.byEnhancer.tsv.gz.tbi	b9b1ad44866fa4b1a0ea722d578f5a3ae24d305b6ff9735203a1f85b8c28eb46	302853
EFO_0001260.byTargetGene.tsv.gz	e1b582a82992d45f777e424d2a7abef84bd9dfd9045f5404d45781030edbacfd	2411783
EFO_0001260.byTargetGene.tsv.gz.tbi	cdcb0519232cf1d56ff1df6154f449efad6f17e89d811b02915cf42d14e13b27	148131
EFO_0002059.byEnhancer.tsv.gz	c84af6777118d8a8848dfe1c9f7c249a32e58d11ed5ac2659ff84dd31a897307	1044167
EFO_0002059.byEnhancer.tsv.gz.tbi	9fb11ce000900da50bbf1e91a13d707b88b7d9e60edfff3a671cf3ceade96fb2	254360
EFO_0002059.byTargetGene.tsv.gz	7a16cc7e7a6633aec8a2a6419b5b108fc9360eb4125e3193ea28eb2cdd93fb90	1180422
EFO_0002059.byTargetGene.tsv.gz.tbi	9c7c1736cfc02c737033f2d84927e710cafac4962f90f5684a69ee3bde4f14ce	139067
EFO_0002067.byEnhancer.tsv.gz	82fd3aa661ea230406e488fe3d664f42ed1ce4994e707e4ef0a9e09d7e8ad60c	8097859
EFO_0002067.byEnhancer.tsv.gz.tbi	039d99e224ef344d8d3b88df7042d2f95cda8b24e5bf62abea5afef2188a6110	335169
EFO_0002067.byTargetGene.tsv.gz	92b0b1007cd2af73e351c226eff4195b99b858ce0e2ee88c7898caca51ee2935	9665375
EFO_0002067.byTargetGene.tsv.gz.tbi	d9c7d71fafe3414c776fc10a26b0d4edbc593ee0eea98facb222e5770343493c	164057
EFO_0002074.byEnhancer.tsv.gz	c0b7cec31a1729d23dd2130723ca54b830da3a3b281ad249dacb650db1299b6c	1124597
EFO_0002074.byEnhancer.tsv.gz.tbi	bce54bee9b7bcd5b9ffc0faa8b3c4e2ec87521c41de27598d1577582166e69a5	256397
EFO_0002074.byTargetGene.tsv.gz	1e44798805b0761ac92a3cc8455d58276096f6f7a2cea2f2f52a323c2efa10ca	1264778
EFO_0002074.byTargetGene.tsv.gz.tbi	7d0519c91027281dbb8f4a598b7f894c357dd54e9a5ca2932ff2f7b5c45e88b2	139009
EFO_0002083.byEnhancer.tsv.gz	d1b3d643bb4be915b182dac901aaef96decfaaf158efc5656aba6cd9bdb38e5b	1150034
EFO_0002083.byEnhancer.tsv.gz.tbi	cd86e706600b124cf2cf214b29b6fdc88535306e41df11333aa7bd8402eb5601	239438
EFO_0002083.byTargetGene.tsv.gz	40f292b41ff3389b7b31652f87a117705d40afcba72c7a4215a9cdf5b70c6a1d	1295490
EFO_0002083.byTargetGene.tsv.gz.tbi	47023c297ea650c0860b982658619e1728a03f14933f97cf0907d1a95322220a	138495
EFO_0002101.byEnhancer.tsv.gz	23cbece12096279f71e0eda774160b72ae69c535902ffaa8c0eb39c6df9b0935	1155576
EFO_0002101.byEnhancer.tsv.gz.tbi	4778f889e53996782d9e33bc8f172203d7741b6107b32b83f836f1f56a4d4142	254427
EFO_0002101.byTargetGene.tsv.gz	8ad11e23d9ba2623ce80a332d5ac4c71620cd7cd98fce550ecdf51d826c2b440	1300053
EFO_0002101.byTargetGene.tsv.gz.tbi	942a8dac0a0a0835099e94f027d7a857594108fd2f494769359b91092bc5e763	138338
EFO_0002106.byEnhancer.tsv.gz	5de0e4b3300bdcbdf3c7e3106d70b5cdacdb8ac39accee1303b47ac2b2a03fe9	2092568
EFO_0002106.byEnhancer.tsv.gz.tbi	d2f8c1c64643a8ea50ae54e9a432a7320470775c45ebb9313a24cd4b38c866f7	289069
EFO_0002106.byTargetGene.tsv.gz	fcac701969e76a05e8f561be40e8a1eb0ecd9007d713842a4397ce42d8d06e67	2358838
EFO_0002106.byTargetGene.tsv.gz.tbi	151105f9fdce33469deaefc417d7b5079d38a462b8995da1c75cea331ead7283	148201
EFO_0002108.byEnhancer.tsv.gz	4ab52c5cc0210ab37ee751e8fb7c42c0f16ac3da20de507aae34e8c31a315de9	1150697
EFO_0002108.byEnhancer.tsv.gz.tbi	766d1a3af230fb90deb4d2fab378c7f2b77fbf16ccabe02ecb890fcd691a9d85	249559
EFO_0002108.byTargetGene.tsv.gz	fb8a1fcd1c4be9e7aaa2fe0b643a5623eb8efa0a2b7cd2ed724a0699ba19d931	1297799
EFO_0002108.byTargetGene.tsv.gz.tbi	cebbb6a0d8ea1506fe135fdb1a371f7cc101a0d4fc17449bc48f5be349876fc6	139734
EFO_0002140.byEnhancer.tsv.gz	aeb6fe398b10280d963493244141a394a8d35b2c731a88e572d5c39eb16c5554	1086764
EFO_0002140.byEnhancer.tsv.gz.tbi	4e7ded3e90aaa0cb0ebaff5a1bad8e3aba4c26587161c0aa7aace0ef2f1690cb	260160
EFO_0002140.byTargetGene.tsv.gz	d03e491259f238932fc3e3a414bb1093624e73b55eb005074e0f213d6b502953	1223121
EFO_0002140.byTargetGene.tsv.gz.tbi	2d765f9924e1119b445f274149cddc772e19556420cb2d711edd6e7ee768b6e4	138689
EFO_0002150.byEnhancer.tsv.gz	d30469ee22d2e8ef86b42947833ce7106a1bca65d3adc2ae0a5d0b11f0917559	1039369
EFO_0002150.byEnhancer.tsv.gz.tbi	86600e6c263e5b462af5167f39f9be0f6169a2de62cd80ca05193c72d6421724	237832
EFO_0002150.byTargetGene.tsv.gz	1c8dafc9e137f93a867833710e673937df037e58238bc199078a418bc92cf000	1175461
EFO_0002150.byTargetGene.tsv.gz.tbi	45ca8f26f61954e588d7531f36132a225158e30282c122665360f4a8154345a6	138335
EFO_0002157.byEnhancer.tsv.gz	0c0cc459381a15206aa7f7bcf554fa20d1c5d6fa7963955d0db9be125ebad4bd	1141262
EFO_0002157.byEnhancer.tsv.gz.tbi	b65e972a8254ee74b3cf29bdfc9053d5455a8077eb83574a0a640efc65ca0060	225725
EFO_0002157.byTargetGene.tsv.gz	58919bc381840e38c8df198cd7f05c6077ccf42d752c62b922f22736c3fd4fe9	1285624
EFO_0002157.byTargetGene.tsv.gz.tbi	d547489c53bd1d62b7334466ff867ebd7ace21449bf17f8480c5eee5491bc8e6	138143
EFO_0002179.byEnhancer.tsv.gz	52069a15015250d05c9e6207136ce13335650052f3069566855e5f024cca2d91	1306741
EFO_0002179.byEnhancer.tsv.gz.tbi	759ba2eabde5473c9a545fcf57a7d9bcdee686bd75477fc634af42fa626cd0aa	237314
EFO_0002179.byTargetGene.tsv.gz	659505dc305bef90cf4011caebe93aae6b02eacc5f4a25d5ba1e6487ed196729	1466727
EFO_0002179.byTargetGene.tsv.gz.tbi	05de5d71e25dd2107ce75cd75062a3e953da150ac6f5afa49f6de432434be0e7	137540
EFO_0002184.byEnhancer.tsv.gz	6d1340fd38966552ef39773b4a7a9be36644979764a93577c96d439f48f2bead	1108999
EFO_0002184.byEnhancer.tsv.gz.tbi	13b43d20b9c728a842d8e70396c2b71f29221f19dc2f1b336ccbb7f3d5240b15	247052
EFO_0002184.byTargetGene.tsv.gz	86cca4cfa3b560ccc810b2238e3021780c75d4dc723332eeb0b244ee180125a6	1250183
EFO_0002184.byTargetGene.tsv.gz.tbi	09afb8ad630c21d25de30da5a3ff4b16531f5c4a35cf9d2a2d9dd304957090ee	138496
EFO_0002234.byEnhancer.tsv.gz	1935d4bf5f6f6ff90f7c687b976ab88ff30d039d47982f2756ce0a3f0b07df3b	1949570
EFO_0002234.byEnhancer.tsv.gz.tbi	17135b0f795355b6dcc7da29cd04d43a3833b6bdff905362c61682a076892d66	307773
EFO_0002234.byTargetGene.tsv.gz	3aeba51e8e92c68eaf9189f8a97106c11276c8c4ff59271eb0bd9a6979ef7946	2204008
EFO_0002234.byTargetGene.tsv.gz.tbi	61654478d05a9278836494ff268e997e048c74c383ea7acd22dc253fafff0a5d	150212
EFO_0002246.byEnhancer.tsv.gz	c87ee2907d1d14bec8d97f7c7140874daafa50575e8c35b511a70ca6c19f287b	2238679
EFO_0002246.byEnhancer.tsv.gz.tbi	291b972dffb60a7626f2adcf69b1628909d6aeb85460cccf0754567aef6a348f	250363
EFO_0002246.byTargetGene.tsv.gz	4f71371ec0d0e8cb7bbca1b12d3b7614388206877bd705b630ef25166321b796	2569452
EFO_0002246.byTargetGene.tsv.gz.tbi	94f945f39b0b510d5a6d149a3a8fed67f64c8262f9611a0c556a663bdaf5adc5	143619
EFO_0002285.byEnhancer.tsv.gz	ae2a90cccb65376c1bbe1a13002feead7187e45588ed672abbde87d9f889dec2	1102315
EFO_0002285.byEnhancer.tsv.gz.tbi	cc57227872e49569887c91bdb46b6998b36bc4d5bfea29b65376958f333183ca	252857
EFO_0002285.byTargetGene.tsv.gz	11c2526833bccb3058c11de4fad76f58bf376997d2978d320216f06e4ae7c123	1242053
EFO_0002285.byTargetGene.tsv.gz.tbi	c4cfd7773e4e9a8117592a6ea1968063677921472c9faa597c1793c940a59b60	138204
EFO_0002322.byEnhancer.tsv.gz	1f33cc4ddad4c70aa938592e4c68c046a637010d842e92e3d877051e74093cea	1255203
EFO_0002322.byEnhancer.tsv.gz.tbi	bd4d47b8434f6b58c537280d07716602c2b575d23d46a7f60912b203d075d63a	239054
EFO_0002322.byTargetGene.tsv.gz	d7c837f45918e5cee204b63725424c832281fdc88ca8d5989b6f7ffb0708aabc	1406778
EFO_0002322.byTargetGene.tsv.gz.tbi	4985fad90c0b04befd9328be0094a4b3026663914c52def09afcf7190001e7c5	137803
EFO_0002323.byEnhancer.tsv.gz	2d673e5afac4615a488b57f44cc09db237bab336350dd279b918497adf16d7fc	1092133
EFO_0002323.byEnhancer.tsv.gz.tbi	d2fbc44885573e0ab968ac957e0a18fce638286fae62b69261a01ef93e6ac0a8	249627
EFO_0002323.byTargetGene.tsv.gz	00732c90f640b53059492c5a7c849b7b0a1f2915cccc30a188a397eb6a04b4a5	1232055
EFO_0002323.byTargetGene.tsv.gz.tbi	bcd7dedb2ce53f72eeb36ce73ff587a9fc1d62660ad703400857ad11196bc2c1	138537
EFO_0002330.byEnhancer.tsv.gz	58aa9f33b94787742a8c3a0dcfaa97a80e60f31491254f7cc88f04c369102725	2232003
EFO_0002330.byEnhancer.tsv.gz.tbi	711d96d74d65d76e38bfac49c59abdb8b29832113062d986d26a1190838be10c	279624
EFO_0002330.byTargetGene.tsv.gz	5f2c0c35dc28ccc8054b6ae4fd645b4accf75982070566326b5ac462ad7fa835	2514002
EFO_0002330.byTargetGene.tsv.gz.tbi	98fd9dfe364b0ccc3394cca308bdf7f2c1e719115a99c6c3f73bf27bf60d5c65	150003
EFO_0002713.byEnhancer.tsv.gz	8b61ac126fa8e8866480a2709240ae1f6e0cd2eca70f285f0ef0e04278255f6a	1156894
EFO_0002713.byEnhancer.tsv.gz.tbi	97ad9f3a39a3e8cd388275865a6dc30eea3bc10ce98997421c4f2e909bc1ea07	246557
EFO_0002713.byTargetGene.tsv.gz	a5276514cb650322401e32006ae3ce00b198f8c2e1a1ab0cea4fbc4f8bc4e020	1300297
EFO_0002713.byTargetGene.tsv.gz.tbi	34a9d32a201c97d554caeceb0ee83de3a047fcae25ccdd3a4b973a7445e0a2d6	139608
EFO_0002779.byEnhancer.tsv.gz	c1fb43ba883fbbbe3498b9c8fc20b0a1457ad5275024b3719e1db8dbb6bfc91b	1143735
EFO_0002779.byEnhancer.tsv.gz.tbi	937a132f04c1085447b20c36c228a7d9b6777110a7b2dca3e0942b6fd472d51f	265773
EFO_0002779.byTargetGene.tsv.gz	9fb90e2ad5a3faf1aa7a0eeafbae30e46409af747e37f22230519ae8ef1f2676	1284375
EFO_0002779.byTargetGene.tsv.gz.tbi	054b63719f73a83ddfc684281af1c7c4cc8e7d1fe132f3cfceea035da1f1908c	138525
EFO_0002782.byEnhancer.tsv.gz	1837323a92dbfa2460c9e342a224e48a7a4112d4b4abad8c6f728318f2430336	1210689
EFO_0002782.byEnhancer.tsv.gz.tbi	5bd638edf8f1530c27e9678946da1c6fda4b143c7a87784a37a92afb4714419e	224390
EFO_0002782.byTargetGene.tsv.gz	b62ba97e4ba7b08e1f26c81190baed53aebb4cf131d944b4832330e7f3d064cf	1361574
EFO_0002782.byTargetGene.tsv.gz.tbi	4ef54ec170c4d4eebd53fa74f987bd8caa48a2f100b1f94349ae8798b8fb0876	136881
EFO_0002783.byEnhancer.tsv.gz	aa2e2cc304ab619c267edf4669982d901d20891cb443e7ee4707970a7310a0c1	1248682
EFO_0002783.byEnhancer.tsv.gz.tbi	88e4f37072e387b9bd1785b248792bbc3c4f7038b801d6e5e8065c1f892a421b	228941
EFO_0002783.byTargetGene.tsv.gz	4d278e8c552ae04df8e153617f78da8abd466f4e8ae0db7de28a3e716bd850da	1404189
EFO_0002783.byTargetGene.tsv.gz.tbi	705461434cf80b7a5cb598178dfbfa6ea112c991f9918916bb89fd1a9371e0e1	137160
EFO_0002784.byEnhancer.tsv.gz	fca8e1cee6b9208718d8d0929d3827b0005b7a2dc9016a35eed5c50dc07a5729	2028680
EFO_0002784.byEnhancer.tsv.gz.tbi	0b90ca9bb75ddcf0cc263ec69f3d7b53c4c51141071863c842d8de6f39d7a8d2	275356
EFO_0002784.byTargetGene.tsv.gz	43d3e8056dfd5960afe23ae9e1e58c7c300d86e24750810e62fcf6b53b90cfc3	2327515
EFO_0002784.byTargetGene.tsv.gz.tbi	8f35d44d721c5d0411e38e41e165d923ae58d6cb7b8760fe48e9dcbea86396d1	146154
EFO_0002785.byEnhancer.tsv.gz	297034300f3e842c0bf04e26d84def7a354488bf323da88c0758e7483a255635	1220439
EFO_0002785.byEnhancer.tsv.gz.tbi	b71622e5612da3ab53a0512b7aa17905318cf16cb279fd14a640d851b2548248	210593
EFO_0002785.byTargetGene.tsv.gz	b9e42489551d2f46c70e2f6054f63d361dc057c58c8114440a8c2d87eaaeb9e4	1372013
EFO_0002785.byTargetGene.tsv.gz.tbi	aa39f7fca2ee72810e9e6dccb5cfe5088938dd22ecd1df1a22bcbbcc01d93778	136963
EFO_0002786.byEnhancer.tsv.gz	ec045a34f9dd6bc2c727f2f53fb6dd1c6fdff9ae8482f1ffa540a166a50bf37b	1291842
EFO_0002786.byEnhancer.tsv.gz.tbi	624451cbd31d6ac8de58f8c8ca84c142f73f62680a2bec901bc1e67bdd5c607b	209046
EFO_0002786.byTargetGene.tsv.gz	c8d6c2fae058d030bba8fbb107ef52e301a7f9550672d04ef61566353c9d1f6a	1450678
EFO_0002786.byTargetGene.tsv.gz.tbi	45ab0988650afa11dcdd8f5bcfa26539fb2ca34f786e679a7dc55ab6842a9132	136890
EFO_0002787.byEnhancer.tsv.gz	1298b42b3cb907230730091bcfd2c6f3fd8d5afa2c80fc6cecadef51841a8ecd	1175153
EFO_0002787.byEnhancer.tsv.gz.tbi	1d13f6b4871c990655f9ab8b4841c5b75ffc616c25616892c313eba0ad690e25	246200
EFO_0002787.byTargetGene.tsv.gz	de15e40bfd429c332af7e2850893ba1a788432ff6a808d925a8325bf93806367	1323246
EFO_0002787.byTargetGene.tsv.gz.tbi	8dbd4ba49d06d79cd8e739bfb13829ed7c4176a4a66f81f9a70cd90156886d83	138643
EFO_0002788.byEnhancer.tsv.gz	4706a37b2df804c9b58ae50dea9bc73ac567caff2f8b5eb88ae52ab47c365960	1240061
EFO_0002788.byEnhancer.tsv.gz.tbi	94a6c731f2cac3ba5ce92e66cc019d68831d33e60ce216fa48b793ab89f11a38	229084
EFO_0002788.byTargetGene.tsv.gz	62ac2676e80ef8bf3840d69545b59ff8b1ca213566a99be52644cf88cd7e2945	1394875
EFO_0002788.byTargetGene.tsv.gz.tbi	db0cc42adcb852cd12027fec2841b19cdd662d41594e3e01030aea8b24acd893	137351
EFO_0002789.byEnhancer.tsv.gz	0e797f81661ed509d621dd8c7f88ad64b73b28c219b1db7a48cfde2a86cac8e3	1195697
EFO_0002789.byEnhancer.tsv.gz.tbi	40f2bd904752cb1359c7ba6a90ca48576b090ccdd2ae1033ea4ae07ad2720a49	224250
EFO_0002789.byTargetGene.tsv.gz	fea8b0297ed713bd966666cbed3f2af6e00d361baf71825f7fdbe567994035de	1345213
EFO_0002789.byTargetGene.tsv.gz.tbi	b406d1f90e245e137bdd4f79bb6af28c5fa70cd2037b7ef39585b76ee687e632	137034
EFO_0002790.byEnhancer.tsv.gz	a338a541e92db05b96ea46c4dec7cef32488aa2e8a81c2cf610bdb3e5752d511	1236280
EFO_0002790.byEnhancer.tsv.gz.tbi	22c58e2ac29dc3d8fe73cec213470500a15f3de3980d36c981bcfebba76c9470	232990
EFO_0002790.byTargetGene.tsv.gz	3f942e305fb8fd450d4d7a59750739cd8b097c10d637d9a24508dac2f7f7e603	1389051
EFO_0002790.byTargetGene.tsv.gz.tbi	aef863f7fad9eaacd2a61a7082c27e2ccb6e716086d7faab36eaef95b8eb56cc	137256
EFO_0002791.byEnhancer.tsv.gz	1540a9c75257fb70fc5018daebb91a702ac53b8ce601a8da6e3c2cc26baf8618	3983550
EFO_0002791.byEnhancer.tsv.gz.tbi	6ee9c0fab6c08c93214d542fce04ff354fcce64110aed98117e2a06c21abf053	349245
EFO_0002791.byTargetGene.tsv.gz	781978ddc361b7579dcc31063d0b7d50e8d0c68a0a192ef3239782ac25366822	4546756
EFO_0002791.byTargetGene.tsv.gz.tbi	c32cfa88517758cec26ef93ecb1f2974e34ccca75f0975ffb41c94ef3a0004ba	164761
EFO_0002793.byEnhancer.tsv.gz	64df795c0c2e18e82fe8ed674661fc6c85d363e2bc564509663cd8e0c5d93c84	2270008
EFO_0002793.byEnhancer.tsv.gz.tbi	061d84afe5b43b896201df7864859171cfd4794748234baf63a475d6a3e9ff02	270236
EFO_0002793.byTargetGene.tsv.gz	036d4a71a78d4b68ed675ca785397e62f3fb0e2dce8a8eec62227a1be093e789	2576530
EFO_0002793.byTargetGene.tsv.gz.tbi	2369be4bcb89215227339b42f99ceb0c50879621ed2f096c16e3123dd8f7a882	146925
EFO_0002798.byEnhancer.tsv.gz	5b60debc7cb9e1dbda251dea951a582db472cb7fac58510410fef44930309f9d	1249563
EFO_0002798.byEnhancer.tsv.gz.tbi	02f3220a9c7a921784e67a18aeffa6d2b48235f19febca7578a20d4e622fcd61	238353
EFO_0002798.byTargetGene.tsv.gz	fd2a3d4dac239c1a06c5abc0863ee9c0448ec3efd938e33df810c9c4c9b3720f	1402219
EFO_0002798.byTargetGene.tsv.gz.tbi	936afad18ebc89b6cfb78513365bc642f18d37852d0466596e44b531567eb8eb	137830
EFO_0002819.byEnhancer.tsv.gz	bc7b2d4da31d3cfcc55b1e174f616d3fea729918a85956ee74b81a882fa923a1	1194369
EFO_0002819.byEnhancer.tsv.gz.tbi	67d2969857caa5b72316e65fedd45782c2eb7566fe69ea06b8bdf52f18246024	243448
EFO_0002819.byTargetGene.tsv.gz	f71f22067b2fb7832bcfaff8690434588dc7cfdc79b5ce827699f6dcf0c4d618	1342605
EFO_0002819.byTargetGene.tsv.gz.tbi	cc1c1cdb10ca44cc420e124015fea0987de41af5da1c2ae007e9cf0708794a70	138724
EFO_0002824.byEnhancer.tsv.gz	80846f36d3dd9c472748929108237939cdff35c6474fa956a32359c936cce0fd	14958848
EFO_0002824.byEnhancer.tsv.gz.tbi	42bebfcb167203f9cc394082f8226622361ae00b10a0ba435d868e7ab7cc29cc	344254
EFO_0002824.byTargetGene.tsv.gz	2cbfebbf59dcb90c3154880b1eb2cb1caa7fa53de5cdc6c6ac282378ebdf1dea	18062561
EFO_0002824.byTargetGene.tsv.gz.tbi	4a8080f7364c6fa2d463717635637e1453d1f16ef3ce05a1773df394b61f8ecb	172603
EFO_0002847.byEnhancer.tsv.gz	b3d1aef4410b57273e9d666d6814145b1a8f79debcf8793ef6bbb9988c0a623c	2239030
EFO_0002847.byEnhancer.tsv.gz.tbi	c31e326d3f839c477ad38c97b5c5a0f429f624a3b71867a16249db1cf1e9eeb3	287363
EFO_0002847.byTargetGene.tsv.gz	1855f6a91ca719113d86387cdfae119ee8633fc1b1cb3bda1c2b0be716e0c70f	2531323
EFO_0002847.byTargetGene.tsv.gz.tbi	c84586047f7a1785340864556c60a48c12005fd8fcae74f45a1a07328c895a8c	149370
EFO_0002860.byEnhancer.tsv.gz	c15f66a2b21fd4b4c9702f06f0f8127310641e13e6eb3065a42a79dad090a578	1027635
EFO_0002860.byEnhancer.tsv.gz.tbi	f24b50e332b581a1312dd574216d63eb80e968b66d2048750f6717fe0158ef6c	260856
EFO_0002860.byTargetGene.tsv.gz	8d74973940a3fc7e4158086903105b75081a87c9dbf47f81430a8f5482859116	1158538
EFO_0002860.byTargetGene.tsv.gz.tbi	f2d8b07612de94c427ea9d6e6c9ab0ced0ab1d71e117cdacb70642d0ca63b406	139391
EFO_0003037.byEnhancer.tsv.gz	5c7d128d4eef82373682c98b5d8a2dc81e73d6aa0d5fed925e4a8b61ff544db2	1209430
EFO_0003037.byEnhancer.tsv.gz.tbi	ced391e80e1fe0f5f826412ac96d9fab1279023f3d15e689ac10bf9e413a3179	232267
EFO_0003037.byTargetGene.tsv.gz	bc29b8fd51c90c14448c45c57bf912c357ff46f134aeec6f7480e2fae97a81b2	1360254
EFO_0003037.byTargetGene.tsv.gz.tbi	84487be3d832efba4c19533f2a1dc48faef0743e13d7feab2779967fa7395c31	136181
EFO_0003042.byEnhancer.tsv.gz	2200daa531ddbdafe38e8c4da0a77e7937a2ba4c178f7a24dafec4527da68709	2917763
EFO_0003042.byEnhancer.tsv.gz.tbi	37b2424b4a02bf8533de7702d68594d6ed60c9faac6293cf8fcf16ce2632c32c	277639
EFO_0003042.byTargetGene.tsv.gz	b0790bb6f7d7aa4a51e9fbbccefbe751c84f82849d880ccaabbeba84a375d92c	3320293
EFO_0003042.byTargetGene.tsv.gz.tbi	facad5fefd7c6b3ac6b664da3e8f84a090cc1edbfa0cba1bca3b4af2b945c949	149184
EFO_0003044.byEnhancer.tsv.gz	cc5661b606aa2b228a2e9c2568f310bee72ad6e701e6f037cfe8d64373ed15f9	1094658
EFO_0003044.byEnhancer.tsv.gz.tbi	2e7cce7803f4ff7380163a8140f42504ea1ebcae29d2cec5e3f4c0a56bad7860	247025
EFO_0003044.byTargetGene.tsv.gz	00d0c6eeb75285d183dd5c8e65fb9bc5ed33fcccf60a8fe9b27c295dd55792d1	1234991
EFO_0003044.byTargetGene.tsv.gz.tbi	0f7182e09de13824017201a95bdf6c8388ef0c2d07cce7293a2a6b081849e866	139147
EFO_0003045.byEnhancer.tsv.gz	5191e64b9b92f4a5e099de13043bf06e943c4030a4314bbca72fa31582860fa7	5849974
EFO_0003045.byEnhancer.tsv.gz.tbi	a9934a943cc463b1a07fd6e39e9097b0628436920403837e038fb3edbbefcab1	315506
EFO_0003045.byTargetGene.tsv.gz	9e2e33543c81185b3665c61b6d0a465e0fdf181c20ec048524721a725f1023d6	6847621
EFO_0003045.byTargetGene.tsv.gz.tbi	4453d29b55269dbf67280715b31a3a60bd6252eb4b001620680af54afef8ae1d	151684
EFO_0003072.byEnhancer.tsv.gz	ca605c8c6367b9624b13c919785be8c27e4488abba36d68418929c5005b14c2c	2026852
EFO_0003072.byEnhancer.tsv.gz.tbi	4e8f02ac533d140c44d6213fd60d596db96b418f7f96f16339982b942851f08e	266279
EFO_0003072.byTargetGene.tsv.gz	4ec808710439aa1c6f7e2c457c8cc9204181dddb0b8daae95bd7a2e64b8e04a9	2297299
EFO_0003072.byTargetGene.tsv.gz.tbi	70d1081a03905bbbbb00d4478b544b74117a65ee1a480175107bcb1be90b1ad5	145370
EFO_0005236.byEnhancer.tsv.gz	d9afd69b1dfd29b5123d7df413fa23a0093b086d17fcd4cebb83b4a2080748a6	1058425
EFO_0005236.byEnhancer.tsv.gz.tbi	3d0b0fa4bfaf5dd1e710253af7e5a90e7af1a4da3a820d8e6ca43e5847f1cca6	251653
EFO_0005236.byTargetGene.tsv.gz	ceb2bb6bdb5f810728f7b0ef0ad97d70b9ad28689bdcf7cb218d0b8f6a18dcc5	1195433
EFO_0005236.byTargetGene.tsv.gz.tbi	2a97d7f6f594a3432c5b0147e4e2278ba6241da5d43ee346079cffd665f8b068	139423
EFO_0005282.byEnhancer.tsv.gz	486ab204264f61122ce1dedd67e08f11656b239208d0f357830c41c56ca03612	1059632
EFO_0005282.byEnhancer.tsv.gz.tbi	49d20c7380c23a5412635ff1651a5e0aa35b8c06be53b9224360f6079c26377d	255908
EFO_0005282.byTargetGene.tsv.gz	7bfd0905985939d46497141127f6c0e1a75e0bdd59a496ce74da65d3996862b8	1194548
EFO_0005282.byTargetGene.tsv.gz.tbi	3d516f5e7ab7f63077bceec433e0d4ba2d09bb582496fe89c70be18ffdb5a49f	139173
EFO_0005283.byEnhancer.tsv.gz	deb37f72b1bf2edc77abda6521c004a7c9a60d4806e3237426094728919305b4	1100205
EFO_0005283.byEnhancer.tsv.gz.tbi	76d4e7a87ec0eb4578321a5b9e309e967e47254f6762af4d656e209d0e706b26	246155
EFO_0005283.byTargetGene.tsv.gz	b3ec01b7778f59a56dcb4894a4723f3ce97d28c91f7a08429982b4f4dec63522	1239949
EFO_0005283.byTargetGene.tsv.gz.tbi	25cf23b32de5d7478264554c5ac28bdba3ac36e804d3619b61d7afaed8256975	137800
EFO_0005334.byEnhancer.tsv.gz	3e6503d3fbac4bf1bdb13f711d146ffd5d8b875a52183dfea2b71b6cf080eacc	1225703
EFO_0005334.byEnhancer.tsv.gz.tbi	5cca32e05045cdfa459273f1de2a692e87e18994b1c1832e944a6178632e608e	234080
EFO_0005334.byTargetGene.tsv.gz	efc4c984ae3d208e4a9b0ff6c651c291dd403f8cf50ed876ea9ef345cd647de7	1377244
EFO_0005334.byTargetGene.tsv.gz.tbi	616f0d6654b51bdf56dd71d36c94ef5a0e996e0cf95beef9c42198b7ca076d0d	137913
EFO_0005335.byEnhancer.tsv.gz	1a6aa2feecb0f7dfbae2c42be341023b33f951fb733966e1ca0d0fdc25f83935	1209770
EFO_0005335.byEnhancer.tsv.gz.tbi	ccea53333aaf3453128c935fc57a5cdf23b2abe06d358eac1b5078b17c614a4f	216291
EFO_0005335.byTargetGene.tsv.gz	28ffef08be8172057ff6bbe611cbf8ee4287342f7de7c5caf55e8bcc699d6e39	1361146
EFO_0005335.byTargetGene.tsv.gz.tbi	ca63cd22f723e2f514e74cbc95cb2c5c4ca7d5b997d9d1364e294aa80b208e4f	137750
EFO_0005337.byEnhancer.tsv.gz	23cfbca2f820b2029aec734a8031a674a1cf0fe0b7e8b3a7665d1ddafde7804f	985046
EFO_0005337.byEnhancer.tsv.gz.tbi	4b881124f9493dc850bac1d798de2d3a498f244a4919640d210495f10c5d27ac	216625
EFO_0005337.byTargetGene.tsv.gz	1bbeee414dea844cf27c1388cc23b47f565ee6afc02ad4cf092e88418f18242c	1124431
EFO_0005337.byTargetGene.tsv.gz.tbi	d5564dc9681330620481a94c8475897b0ce5de5173621fdd6a2b2c1226f2f57f	137102
EFO_0005338.byEnhancer.tsv.gz	8276ab211130c48667b1bde1da2a26d501b015f141fd694d1739ef03cd56b2c5	1205220
EFO_0005338.byEnhancer.tsv.gz.tbi	91fda19e19a851ef7e16f3f1790780baca873fd7fd6a259a6e5d8d3fba636ba3	242133
EFO_0005338.byTargetGene.tsv.gz	f000a374d912081c31e62a8b7d62fa1fd402bc36ab7b9ae07d182751a223bad1	1358484
EFO_0005338.byTargetGene.tsv.gz.tbi	3786ae03b7b262e46fc800f3ffd83462d5822ff46c699fb5f0299c624a6d4de0	137820
EFO_0005345.byEnhancer.tsv.gz	e2b1a3810a11d79445d3ac7bdf48eded7ac3257b5a306556eead7da9e4563f07	1244620
EFO_0005345.byEnhancer.tsv.gz.tbi	b0578598ff1e7c9ecf84d14a9edbd0f2710096b1a70c54a1d2e22eba39593e13	222687
EFO_0005345.byTargetGene.tsv.gz	bccac96f9dd0a28e1aef9bdd7582cf288fac46b3ca73f0ce643ca72247ded0c2	1398502
EFO_0005345.byTargetGene.tsv.gz.tbi	e899f7f1a4d72f49b9c00bfcc55def4f1a8b99525d957526be946df50dc320a9	137536
EFO_0005346.byEnhancer.tsv.gz	af8fa247986290c87879e2cb2e0c2d77a65e44788f073fbb15819bf52baf38ae	1208777
EFO_0005346.byEnhancer.tsv.gz.tbi	344386a520c0a526316b627bf0e29c929e188c2af15e7ae6a2bdcf4e408b393f	217029
EFO_0005346.byTargetGene.tsv.gz	2233c9c24fbeb257b50926c50b7246cfea36c8196da0ebeea0cc1fdc5b914c27	1359673
EFO_0005346.byTargetGene.tsv.gz.tbi	273fdc0620a57e9a6c7b9ce4ea9add68323f3bc53792dbbd43b19adcf0a8908a	137704
EFO_0005352.byEnhancer.tsv.gz	35b406ce123b422b88e8d09d5b1a352695e979f592abfc41014c5dff6e40574c	1188418
EFO_0005352.byEnhancer.tsv.gz.tbi	04fabfdef5a9c1ec200bdfebad9e549a2b77f0535b85e0fa9c794cd63431fb25	220667
EFO_0005352.byTargetGene.tsv.gz	05ca2f743ff2789b1c421687fc1f27cfc83e8f5c67ab94576412cc7f2597f1d2	1337261
EFO_0005352.byTargetGene.tsv.gz.tbi	66ef8a72c478d19b314de6d34731c0b8fa9ee2d9ae1407a8862315dbf280a0dd	137708
EFO_0005384.byEnhancer.tsv.gz	1cb28d7a4e6dfbdd0408625c309ab13dd744d06033d8b84fb86a235819facc0c	1211090
EFO_0005384.byEnhancer.tsv.gz.tbi	a7b519d054df55e3f4d74033d4e8eaa81e46e85827aa64d4a2bc72d54e037223	223215
EFO_0005384.byTargetGene.tsv.gz	5a08f13c77754550e21b9579b6409f52ad737f766894b4a592bfdbeeedea9c48	1360604
EFO_0005384.byTargetGene.tsv.gz.tbi	d0fec166ed33ecc2a6c4864ec17a12c4b54e3f0bbf65d5868de5ca9bba14cb8a	137939
EFO_0005696.byEnhancer.tsv.gz	f68bdba03fad4f9251d49ad9d1eecfb9694c26996f2cbccf3d05240e544026ab	1203081
EFO_0005696.byEnhancer.tsv.gz.tbi	1ef0d897beda2858796b8432d429d5c235ef168169ae5539c1ffdbb61640b2b1	209680
EFO_0005696.byTargetGene.tsv.gz	3778688bc4c1d80af784ceb5cb477bdaffcb8d39f182c71504e3e608020c26c3	1353680
EFO_0005696.byTargetGene.tsv.gz.tbi	f29f117b19f6ce352b9443dd4c151b83ecd7dce896bc77c348eacc9200d1ba38	137352
EFO_0005697.byEnhancer.tsv.gz	a1e8fbe00337920298b9fb17050212d2b918268df0001798e4d1522c64eb2b6a	1156717
EFO_0005697.byEnhancer.tsv.gz.tbi	f41cb2189ed3952e63b305e36dcd70e1ff55839526d123c2737daad90fe174fa	257501
EFO_0005697.byTargetGene.tsv.gz	96481856fe2ecf6394cb8675190acc35db4630150abf80aa34f94a60c15f62bb	1298162
EFO_0005697.byTargetGene.tsv.gz.tbi	094b9d15f720fd8e2a4aa917f33ddea93f78889612cc3fb1e311389c8eb28505	138806
EFO_0005698.byEnhancer.tsv.gz	4350101d2b1b8dc41873d430acb830cafd521d8beaae02162121d30666cf606d	1162689
EFO_0005698.byEnhancer.tsv.gz.tbi	746fb9d16c8d9fecc3468f0acc0332171999ce3961c3067a0970ae41226ee3f3	254072
EFO_0005698.byTargetGene.tsv.gz	a35dabb167eb481cfde286984e81dc80d6400fdc325e79b7f9506fb4edbf32ca	1306800
EFO_0005698.byTargetGene.tsv.gz.tbi	383406aaf81e1aab3de54b00756d7b6abb4514da169fa0b46ec460f21fbde890	139072
EFO_0005704.byEnhancer.tsv.gz	f3fdb5dd33d48602077dce694b45734ea6f7fa12ee6662210444de5f14c621f5	1210110
EFO_0005704.byEnhancer.tsv.gz.tbi	b48cd65baae97a2756c17b7dac59b186322c7df1440921871ae40111d2157e10	210344
EFO_0005704.byTargetGene.tsv.gz	acf684ece688897b8ecd4d62cd27f4635fec397b0fccdae47a9f3129d8d51e04	1362682
EFO_0005704.byTargetGene.tsv.gz.tbi	fc1a2ccc9359461cffbce9d0ae809ef9f996d88d9b1e72b71dab296bf57df854	137908
EFO_0005707.byEnhancer.tsv.gz	baafe3d8ba784b4909d9a551bb9344ff3ebda92cd4b268f3c86006aee56ed646	1125467
EFO_0005707.byEnhancer.tsv.gz.tbi	88be4cfcaf4326a41753620304ad689506156beba50221000a81f06b86e7f3ce	252218
EFO_0005707.byTargetGene.tsv.gz	485b1b56cbd40b27c045d0f7d0ab74a624ed8947dc2099551761dc39b2f59bae	1265177
EFO_0005707.byTargetGene.tsv.gz.tbi	bade44422d749c8412f6fa7097f1f9305e9df4d067d00668b497fe511799805a	139049
EFO_0005709.byEnhancer.tsv.gz	d077d90f071e0862307aca26e1359815068708ce63de60d31b435176c6365bd5	1152748
EFO_0005709.byEnhancer.tsv.gz.tbi	aef33422c3d03aac827d0ae58f2b7dbdaaaa6b7867ec0864977c1904ebbabc4a	245164
EFO_0005709.byTargetGene.tsv.gz	44cd550eb3c671c7a03eba13d36b8c2970eb658e4e2021c66926081e254afaa1	1296109
EFO_0005709.byTargetGene.tsv.gz.tbi	922a0a1fdeaba8addf313f008b1b075e53aaac42a7093f2cf7659041ae7fa21c	138617
EFO_0005710.byEnhancer.tsv.gz	9dbedd21be99b882cebf30581d51f10955c044978154a3b85318303e747e4101	1154557
EFO_0005710.byEnhancer.tsv.gz.tbi	99fa8c55f1a1f72b21db9181ec656185ff3d6326e784611ffb5d35aa7557be79	257980
EFO_0005710.byTargetGene.tsv.gz	fb1cf670ed979c00577dfe7aa9c6bf208ae6b465f143272b140dbded8d5f4e72	1299125
EFO_0005710.byTargetGene.tsv.gz.tbi	3aedd1d8cbcd7437ce8c5ff658f07c304517d74f37adfe7f9a8e2ca9dd033b2e	138167
EFO_0005711.byEnhancer.tsv.gz	944a3da60695de575360a69e389779cf9b13b751569489af561ebc03b61a143a	1120829
EFO_0005711.byEnhancer.tsv.gz.tbi	cdd5f1c363889d2e1a59fa2c31e888431a70f71d62011bdeb211d75af66e9d77	245684
EFO_0005711.byTargetGene.tsv.gz	8ad3d1a8ef371f7f36a6eab05fe7ffb156cd22065af152b40931cddb1674224f	1263733
EFO_0005711.byTargetGene.tsv.gz.tbi	2c946f816cef3cf41ac8ace85af7016dcac127e41e801f7321d9787096b25a80	138237
EFO_0005712.byEnhancer.tsv.gz	28f5068f381bab7c6ff1e87405432649a157e62066dca509277a61da7c403f27	1167092
EFO_0005712.byEnhancer.tsv.gz.tbi	cc10dc2bc41d2dfc25d1021776c577432855aca0a62f068fe92bffa8fd244041	256050
EFO_0005712.byTargetGene.tsv.gz	051944d93b8ef12a0a165f081bd3cf70d43e399b9281897eb9d92ae591f1165d	1309334
EFO_0005712.byTargetGene.tsv.gz.tbi	0d0b450c59f478260d58921ffb69ba05414692010f7920f70feea5b8960b7fe1	138176
EFO_0005713.byEnhancer.tsv.gz	536f2bae9420af79c6d49d8763245237806801a8ebe71fb721c14a57fe9c8b1b	1189607
EFO_0005713.byEnhancer.tsv.gz.tbi	880588876275cd743e1e0f99bd8485394a415d6888008e40578485b3bc4fbb30	195224
EFO_0005713.byTargetGene.tsv.gz	0cd6352c2df3cd1221bf5486d50dacc17ae94e1318bf243c58be3e3d40918eb2	1340808
EFO_0005713.byTargetGene.tsv.gz.tbi	1f117af499f19d40bb40d36bb0a1fc80375abdae5628164d5ec8effedf821937	137051
EFO_0005714.byEnhancer.tsv.gz	e797abcf064fd6baaf6f71c9c7e5f8ab5c47c99eddaf0bc9366ad4b8ad5d4229	1127657
EFO_0005714.byEnhancer.tsv.gz.tbi	9e37b912419edb29be3ed729466194b65adfa8970bd4c7cce62a7b756e30dfcd	259390
EFO_0005714.byTargetGene.tsv.gz	6e32ec0a35d0d570bd7f7e54922644cf76fedba3331f91cfc23f678b8c99427f	1269061
EFO_0005714.byTargetGene.tsv.gz.tbi	3a74e35800a3d245c12f7cea0d1ea4feb3c12ce9cdca499b4d22dbe43afb53f4	138995
EFO_0005715.byEnhancer.tsv.gz	de1bedb33bbfa0389d116324227f9cd133064f23b0dbd78ea77ea9504c13ea73	2091325
EFO_0005715.byEnhancer.tsv.gz.tbi	7f6651274a7511537fa48847dc8aff4b43ba5cd9f9b2d109b8f0703e23ede7fc	298087
EFO_0005715.byTargetGene.tsv.gz	7ff9a9df564d9f7009081531177fb67223c381aa38c382a41e6a7f2d6de960fd	2365556
EFO_0005715.byTargetGene.tsv.gz.tbi	4ea0f85edb99861941e7917cbcc17a5434ef6e033c72fa98cc8ac890c884cc23	149371
EFO_0005718.byEnhancer.tsv.gz	ff13db78f682d92d52d7ce1e483eac83481970e376b034e01dc8e3ff01780c43	3455996
EFO_0005718.byEnhancer.tsv.gz.tbi	27ea71a04cd00ebe370a2e21436d5d56bc9a074cc9e1f294f6ca68ee42559f85	303830
EFO_0005718.byTargetGene.tsv.gz	ab0c2e2e59a8efe9b432633c6d679260bfd6e276e4538e76688a4dc4ee3fa657	3993770
EFO_0005718.byTargetGene.tsv.gz.tbi	3da8d60645645407fcc4b77906e1402af847bf9dd152c716c14d08889659083d	149916
EFO_0005719.byEnhancer.tsv.gz	174507179ce85fd653947c985c0d858b7d735c691be6dedaab040dd64d5bb436	1225132
EFO_0005719.byEnhancer.tsv.gz.tbi	6ef670513ab499221de814594454c3f73dd70f07b114f34d414ce2cd0d683f76	228526
EFO_0005719.byTargetGene.tsv.gz	d503ff7d987d1715777bc6e98e378b384e495785a7265a7754107d73f0d21699	1381140
EFO_0005719.byTargetGene.tsv.gz.tbi	f0b00affe75295177e3c713fb93c681d838bb1497871d5a4c482cbf3345e65dd	136156
EFO_0005720.byEnhancer.tsv.gz	bd33833eed9203f1e4a13a5d99448d0c53b03a80951e37ef93fd071eec418b47	1081170
EFO_0005720.byEnhancer.tsv.gz.tbi	779b225c884dc69abdc2d064c33bb54be129cb94e3547aaa62e7105ee31edc1f	263037
EFO_0005720.byTargetGene.tsv.gz	92bfe5c70744f9e44271e49ca75e32202404f5ce9f1156dbc29ba509a7976689	1216518
EFO_0005720.byTargetGene.tsv.gz.tbi	05174dd3495072eaf068271f672dab643140c839a8be1c41c6ed4d9a95b888b5	139978
EFO_0005721.byEnhancer.tsv.gz	855c725ea79cb8e7c953fd50d19a438758c2348ed7da2be690dc86194255af79	1943248
EFO_0005721.byEnhancer.tsv.gz.tbi	96d7b645b7254de0e002bcd268e2f13de7b0c8530cc990555c0fbfe857f0e5b2	267812
EFO_0005721.byTargetGene.tsv.gz	fb1858b9072b9b431312375cd5269a65794b6108c32a2441010a41c2f5ea67e7	2216151
EFO_0005721.byTargetGene.tsv.gz.tbi	091e7630a2eb7aca5348568e246cda399910d7e2bd8e7f034b2d8204c6a978bc	143261
EFO_0005722.byEnhancer.tsv.gz	3a2a771997ed430dfc1fdc7c5c1454fb3331059b39b2e64209d5b3502b8b1ed5	2166833
EFO_0005722.byEnhancer.tsv.gz.tbi	4147f7c79cae370223abae7350d96370fb58f5807224218b7c09557cc3a69be4	274196
EFO_0005722.byTargetGene.tsv.gz	6c40bbb99c7a4454fa02d2db6db85a1b2dd74c16b3f2bd585502bc72a53faf44	2463446
EFO_0005722.byTargetGene.tsv.gz.tbi	6ced808d0257c21695a6ea64f77a04dfa63ec29e4b55a7a3c42f9fc65f4cbc5f	145801
EFO_0005723.byEnhancer.tsv.gz	cd0919100f226a4f85b175d990c5b76e348492f2183ca090ef4fbf2bcde1321a	1140706
EFO_0005723.byEnhancer.tsv.gz.tbi	fe1f389063da921844900a86990cfb712f1232384739d22aea6c0db7374b38cb	253038
EFO_0005723.byTargetGene.tsv.gz	7b60eafa0ce6aa13c9363460a1b36fb71114ecd15c87b84cdde07c8a99bf4da5	1285055
EFO_0005723.byTargetGene.tsv.gz.tbi	c06e9e0821d997533167d5f955b2843e0df2c7ebaf43cafc1907af1cd5c5b959	139304
EFO_0005724.byEnhancer.tsv.gz	f0eb81461d26e5b9ffe632bd68bba0313e147fd9cb374c005bf7de6f1bb5ff9c	1056298
EFO_0005724.byEnhancer.tsv.gz.tbi	6bdabfa6b99dcd2b9056eb2d51b800b8880a8bc12630ec6a8f502efd27dd8a50	247514
EFO_0005724.byTargetGene.tsv.gz	aeaffe9abf55b4e0e20826c07e7c4218b721cc739e4ef95f538bfa27124f0ab5	1195352
EFO_0005724.byTargetGene.tsv.gz.tbi	24d178209bf5ea8d480d9c085dc0ab0ad7c4b0528e1a4fd965a3b14a23df9f3c	139154
EFO_0005725.byEnhancer.tsv.gz	6b680ee6c12beddb7f9b112257a3e769d123dfcfa4f2c03871afc4b63bccf953	2180966
EFO_0005725.byEnhancer.tsv.gz.tbi	4bcd4193e9c1a0fc3eabdf1dc9193af4f548d7bb6ff61e72b431338fd7c1a62f	282144
EFO_0005725.byTargetGene.tsv.gz	f98a43a1e455d6a8c301bafb3d84cea2a1a7b2063b83e5c6793bb9e5433a67c0	2460417
EFO_0005725.byTargetGene.tsv.gz.tbi	e63f80082ae65fcc31018735c9e760665ef0ff47b3540f1d4c49e3e742599961	150261
EFO_0005726.byEnhancer.tsv.gz	26c61b32b1cd5f373cf44246bff85a2c541122f1f5f511497de5ecb9d0f664c6	2973963
EFO_0005726.byEnhancer.tsv.gz.tbi	60222251514ff89c79c547060211ce57659e92683851c77473562c23f161a834	320463
EFO_0005726.byTargetGene.tsv.gz	6e02c45dd682449b94a5b6229bb7846d020195d87c428ccef7eb06692446d851	3374596
EFO_0005726.byTargetGene.tsv.gz.tbi	fed05d1599d29ad2c2ff83fa89fd1682abb28146798517d82c1c915a3cbbc95e	157518
EFO_0005901.byEnhancer.tsv.gz	79c8778f8d84d7c120275fa4421d8c00b062128b775d1aba9730920416f6db47	1194468
EFO_0005901.byEnhancer.tsv.gz.tbi	1a2ed97da3e65403d1e15a67ae770decaac842e6485f34ae0c5840044a1e16ed	248887
EFO_0005901.byTargetGene.tsv.gz	d6fd7faa8f7d2808f2ee4c8c504c51e1650137f405472fb14fd7f56911c62789	1340952
EFO_0005901.byTargetGene.tsv.gz.tbi	23a07d01819bea25f7ffc5a469f67a56233a85ed1b5fef1dd713cf7603b70e56	139561
EFO_0005903.byEnhancer.tsv.gz	628af7743b5ebd9dbf840e3dce63d88d2391abdeafdb5abf89114bbb628c8617	1190412
EFO_0005903.byEnhancer.tsv.gz.tbi	970e81119001dcd01be10d484b55be8547a8ace8939bd1783ec504d305a7a376	250673
EFO_0005903.byTargetGene.tsv.gz	7d19017862987068144afd3d1ef0a3859f923da51235b676e4c42e082cf2cc92	1338760
EFO_0005903.byTargetGene.tsv.gz.tbi	49775930eaf015484548a10e26e5f4b037ec1a0df80441e235ea8e717ec69122	139128
EFO_0005904.byEnhancer.tsv.gz	250cfe46456dc1c970f6e7453c9c186370e5597c6395e9936f3ad97c05cffb4d	2001386
EFO_0005904.byEnhancer.tsv.gz.tbi	2d8504509ff6e152f4fa813f81b4e32ffce63def2d83ccf5cee6ac0d2ef28c55	282310
EFO_0005904.byTargetGene.tsv.gz	f4661791829c060a1e5f83d924d86cb94f060ec07a6e1378bfb41d24bbf7b3c6	2248355
EFO_0005904.byTargetGene.tsv.gz.tbi	7972f3583dbf3be55fa9ec4e0a135a78b06adfa2a1af04f921c16297b7d75cce	150539
EFO_0005913.byEnhancer.tsv.gz	2c8f66d9880d7d813c18208f3bb0399befa32a08048f53845fb2c9790052f0e3	1945075
EFO_0005913.byEnhancer.tsv.gz.tbi	6fb83a7c57bf51b167cf7c252d00ad50f88cdde6aa3b16ceb6338975979b293e	275178
EFO_0005913.byTargetGene.tsv.gz	7ea83b878aca4d7d89b1931b115f2f838de12dd385261e351882c7d8d8fd8b33	2208894
EFO_0005913.byTargetGene.tsv.gz.tbi	4ce2007e3da639410f0255635af37a0cac3094968c86f7e438f77a44ecc7ad56	144819
EFO_0006270.byEnhancer.tsv.gz	cd8fe6ebc4bb157be0885432e2556d45aec3e056c67dcde3a3802695d059f2bf	1133606
EFO_0006270.byEnhancer.tsv.gz.tbi	253e581e930b99c92eaa3113fe1eacd64a41127de04d932ead289ea3603a0fb7	259000
EFO_0006270.byTargetGene.tsv.gz	130897bf89061da37667e2bc163b09d67efa48e6819868475d4014b29cfa2cfc	1274786
EFO_0006270.byTargetGene.tsv.gz.tbi	ae68667b0039882e72a04825f3daf62d7f9c253e39183a26e3314df0e4aad745	138050
EFO_0006639.byEnhancer.tsv.gz	7c5fabb78af6ce94adbd85ac4ba5df3bd8a577010798cfb702832a0e1b03d956	1156617
EFO_0006639.byEnhancer.tsv.gz.tbi	77e5a3279c944bb6426b55b4d645ddb9b76f78ef9f6bfd5ebfa56fb9bc04e158	245310
EFO_0006639.byTargetGene.tsv.gz	e2b5db8cfeb69a7ebe3bc360118ca37b49c10b0f14bd57baa14e555c2c239a3a	1303452
EFO_0006639.byTargetGene.tsv.gz.tbi	b662581b77113e63842aeea322b321ab6915cea1546085b1b0d296d6e133f83b	138908
EFO_0006711.byEnhancer.tsv.gz	9f4752d89864716ecae6bca2c3b45ca57263e88155247c96cba8758ea6cbaba7	1316923
EFO_0006711.byEnhancer.tsv.gz.tbi	8afee0fe336440b077259189745d9957ea01bc5eb3432907aaaeae197ad71e31	225867
EFO_0006711.byTargetGene.tsv.gz	2b132a4a5500d1b4d26aa8503a4338eab50d88133e0b645101f20fd6671f6975	1480555
EFO_0006711.byTargetGene.tsv.gz.tbi	6825f402c992e91e35655cc0d897db9e5ae97f79da1c63afb20530740b6f5e2c	135767
EFO_0007074.byEnhancer.tsv.gz	ae3602da47b3f9fcd4230e3a00cdd809500d129286359235a52cdb99cfa971f6	1256276
EFO_0007074.byEnhancer.tsv.gz.tbi	0bff3740cd356beb15089f72c2599e1110e5fd9e8123c6d87691495059e9bbd1	228506
EFO_0007074.byTargetGene.tsv.gz	fb2fa8538b4bd1ab62c1ec5a64fd17f2028b8d9dc2f9c14e2b86c39efc5cb094	1413386
EFO_0007074.byTargetGene.tsv.gz.tbi	8691434a24b2224d74f2434f9cd8fe47e6249ad07e0939e39117d8b276c2411e	135691
EFO_0007095.byEnhancer.tsv.gz	1dc4b7598f9ec7d679098c1ca72938ac3139b84b1dc38bf034ae95bf96b8828e	1097785
EFO_0007095.byEnhancer.tsv.gz.tbi	9db0393062582a9f525706ee9dc0401f5073ba43fbc5c9655348ea8d59c5771a	249741
EFO_0007095.byTargetGene.tsv.gz	97ebaf60e0e206a93feeaf3bacf6b8a52efa392b924dc1c59432a663c841aa88	1238841
EFO_0007095.byTargetGene.tsv.gz.tbi	bfba86b2aa3a75999505cdef9dc15a5a78492eaac507f2dd4282a6b203ec0724	138848
EFO_0007096.byEnhancer.tsv.gz	ba5ce6afe0699cdff1462eb151e15cb659a52133a0a305863446f08033590a99	1128657
EFO_0007096.byEnhancer.tsv.gz.tbi	60270b001102f60a56d76d101eecd2257b24265c4ef14ec8ac90aa4708a7db98	243685
EFO_0007096.byTargetGene.tsv.gz	eaffe350fb3d0864451b83e5bee1e60df59f9480b6dff992abf5604372be7c1b	1273066
EFO_0007096.byTargetGene.tsv.gz.tbi	7165756d411109a8ae297afb6ebe154140c8734aadc04a148164e1ebbca930ec	139088
EFO_0007097.byEnhancer.tsv.gz	9326e57c6c236a617b549b4811f4ea5514dcdd922ed2d0d77a4332eb58ff5875	1073687
EFO_0007097.byEnhancer.tsv.gz.tbi	9d8c286ee146bdfcb7744b59f377fc946ac8caf30668d4e6a327c7fe668bdff0	249992
EFO_0007097.byTargetGene.tsv.gz	4a202d5e14efb920781e1125966a9b65143937d455a6aa2cca8b672525e45371	1212752
EFO_0007097.byTargetGene.tsv.gz.tbi	c9de92751e7a4e8afb0c2117d6c11843c2c24c6b33f0af55f2a8691373e6e9bd	138869
EFO_0007098.byEnhancer.tsv.gz	74f2063f0fc49e0be2dc21e40157327684caa0cd68b77b980dd9c4a4f35ec3f9	1104822
EFO_0007098.byEnhancer.tsv.gz.tbi	49745ec86deb73fdcda38063e8c9ab6850c572c60d1b3039420870cbe599ef4d	245483
EFO_0007098.byTargetGene.tsv.gz	f2d39b1c21b1858a8117e1fb1ffc5b2216506eaaf23a92a3e4cea1c886e3f541	1248797
EFO_0007098.byTargetGene.tsv.gz.tbi	f3ac951bc37afd5c26be4c8d7fab5c2f2d8af83b1b52c355b11ef335fef8062d	139426
EFO_0007598.byEnhancer.tsv.gz	caa123b69b9508987c0cdbf8c2fb55248c476ff96b5cbadb5710254f963f49d3	2049539
EFO_0007598.byEnhancer.tsv.gz.tbi	61ff77aad02e213369615cdf28321126a85f5cf443bbb2a900b3317bfb17871b	302527
EFO_0007598.byTargetGene.tsv.gz	d056d703088fd49329be622d0259583b5e285cd739d823ec84714b5f09bfb821	2313715
EFO_0007598.byTargetGene.tsv.gz.tbi	e5f2224b6519a7336d2607ba03a265da727e255b567c00c34cfe301835bbf991	150115
EFO_0007599.byEnhancer.tsv.gz	58c4ce03db23202631925f83638ad65d703f58aaeb76b58a972a0669b3853001	1077230
EFO_0007599.byEnhancer.tsv.gz.tbi	dfe1a2c1a55e8436bbe342db8a94c5326cffb9f9fb3dda6228304433d2bd0943	255328
EFO_0007599.byTargetGene.tsv.gz	523d23e09f5e11b06c95a08d157fa5c5e0f1be7001713cf121da2c156b61d1a1	1215697
EFO_0007599.byTargetGene.tsv.gz.tbi	b367f385bf819cda9e2a8eb34608674d680d53dabcf67e24c2cace720229c0ee	139720
EFO_0007600.byEnhancer.tsv.gz	8a083e1f84ce91e479a9ae604def3082789c4e5d9b9d0672e1d4a26b72b75870	1078186
EFO_0007600.byEnhancer.tsv.gz.tbi	af5e6840e26c7192afaf70ad062cd5bb97b8b3222696023dd84d9c3c23662773	255858
EFO_0007600.byTargetGene.tsv.gz	3129cff544f7cad0e40e6a1a2591006e9f1936cee78c1a701864cb9a9c98878a	1217381
EFO_0007600.byTargetGene.tsv.gz.tbi	eb14e0ea1982f2dcdfb58a27801a5df7b38b24153b749108b274d9a6b4106ae9	139795
EFO_0007610.byEnhancer.tsv.gz	04b30f20ae54d9073bc5877aa1406306feebf60d8b977b56bc0fbb08f6d250e0	1316261
EFO_0007610.byEnhancer.tsv.gz.tbi	fd45799ec11ad07c677b76d5d1e591a74b0e6de30722cba45d811dfd7cef3af0	218969
EFO_0007610.byTargetGene.tsv.gz	995ddbcd3292896956ea297b14edf5d04f337e64a23a6bde267a46660ece971b	1476205
EFO_0007610.byTargetGene.tsv.gz.tbi	52f69820ab60a887056145f811cbb5e946847452531505897c177f458eb029bb	136666
EFO_0007748.byEnhancer.tsv.gz	6ce12d2a285087164d0e8a9f3bc5496daf5fb13c16bfea036f66bf3f522ef54e	1151295
EFO_0007748.byEnhancer.tsv.gz.tbi	0fa7a58c0594a642fb24d69c40c29cff46a0b27ecca43e70d9d4b7e5822f090a	257216
EFO_0007748.byTargetGene.tsv.gz	e5f038aeea11fb059db5f222fd757fe4452b2ec167b3384f0e22090545194fc6	1295272
EFO_0007748.byTargetGene.tsv.gz.tbi	b1992b415cb50aa57ed5c9a7fab4773241de9cae8a8246da5b06c009831f179b	138436
EFO_0007749.byEnhancer.tsv.gz	f523228b3ff80b3e12d4224cfda9205369e75cfb5bf46ac2c4e0bfdc47df78ea	1136599
EFO_0007749.byEnhancer.tsv.gz.tbi	818d59cfa82b60ceafebae9d41ccd5c5a04a8d8a6d3e0c0ce8c7ee957602479b	253350
EFO_0007749.byTargetGene.tsv.gz	1df154a2fd8f098328f35e33896c524bfa68a30e0484756e50e58bdccc2a92f8	1280058
EFO_0007749.byTargetGene.tsv.gz.tbi	137c98faf62d400495579bd8859611cb36a80f0772acfdd65d0f9f4cc0123288	138381
EFO_0007750.byEnhancer.tsv.gz	4ba6cd6ec2fba8d4560faf7edb14fd7f5935967203c8fa9bf2010515e739710a	1144770
EFO_0007750.byEnhancer.tsv.gz.tbi	8c384af1ceb527f3c978b1d773612f2d729aae844ce287d4f1ce44dc0c5bca30	250268
EFO_0007750.byTargetGene.tsv.gz	afefc145ca90d1fa390fbacaec7151e6c63fdfcbe1e42357d6429f40d8f47d09	1289822
EFO_0007750.byTargetGene.tsv.gz.tbi	fa40928fe45fe3b998b67d391f8396e10232b5ce2d64a4195b629d68b4d92752	138666
EFO_0007950.byEnhancer.tsv.gz	7ea5ce4fa9b87a07a08eba4daa41564ccea788e802994d50ff673b13cb2cfcec	2140545
EFO_0007950.byEnhancer.tsv.gz.tbi	104336823a0fbe941674976007cb12bfafb862c1ec1cdc1a5ab0ef7253689d0a	261077
EFO_0007950.byTargetGene.tsv.gz	3443a20f7aec2024101dc82d354f10bdf62a2f5f331a36b14a4a579707f728cc	2419261
EFO_0007950.byTargetGene.tsv.gz.tbi	139bb64bf445886e797d520bc0a4c895e0cd2fdfd2d6a09029fbf38ac89361ab	146438
EFO_0007952.byEnhancer.tsv.gz	ef8a444daf796d40918f67c714acb141693470bb159f9bd5f240e8aa7dbe91d6	1094958
EFO_0007952.byEnhancer.tsv.gz.tbi	3861153d0257649f7b96f6bda1fdbad07b4f6a94a6fec65369eef44eb05840b9	238381
EFO_0007952.byTargetGene.tsv.gz	8ac5b2a93acf79420156f99a0225455e45733a67bbea8658bdff9cadfa671ca1	1235610
EFO_0007952.byTargetGene.tsv.gz.tbi	16f719018765ea74a878afb73adcdf3c2cf2d55c7c1e47d3efc915f93e3bf36e	138503
EFO_0007953.byEnhancer.tsv.gz	5e74f1e92f97104586179a4d820d0ff86e6f24cd7388aac7514daea67a65ad8f	1075211
EFO_0007953.byEnhancer.tsv.gz.tbi	8fbb8d3f27ae45731cfdcb9d420cc575beccf783ee71bf7814ec5ee18440ee0b	244537
EFO_0007953.byTargetGene.tsv.gz	5187e56f922aecc2fbe0e34584b39f1675c2d65e140a139d976a8a2bd83d5e2b	1214662
EFO_0007953.byTargetGene.tsv.gz.tbi	f1779beed27670be156f718bcb63c13de9527404618307ea2d531b5ad5d9879d	138898
EFO_0009318.byEnhancer.tsv.gz	415013ef39dd6a73da9f05e3d051ebabc6551b867e5569e10125a559c4220a97	1153020
EFO_0009318.byEnhancer.tsv.gz.tbi	7238f44273b3d867c6f2f47516823df62a8709407ef3cd2222ed6dc21f3d9f27	251683
EFO_0009318.byTargetGene.tsv.gz	ea188d3264829ceb617ebe72a128014e914aca07759df43b5544dd1b5efd466d	1298572
EFO_0009318.byTargetGene.tsv.gz.tbi	f61fcfd5aba702e5898f8aafdfa1fb5020452bc8c09f83ed7046ea039bc1d2a5	138091
EFO_0009495.byEnhancer.tsv.gz	72b26d0912bf9666fdd55844c8ac26b19d69c65001d957a6791c4667f67d041a	1079775
EFO_0009495.byEnhancer.tsv.gz.tbi	a1bd5096c4d2758bedd1a3ae36b7f810b10ae11be293ca2eaad5f9f036a4641d	229951
EFO_0009495.byTargetGene.tsv.gz	75141ed00dfe7242952c23754edc19ee61b235e6f0ebc378ab41472dea4cbf13	1220464
EFO_0009495.byTargetGene.tsv.gz.tbi	c5e26ef7f53a5962afa2fc465b84bc4258755770e1a079de8fcb269b6bff9d74	138248
EFO_0009500.byEnhancer.tsv.gz	5e5ec3c424caf1b44f46cd45f3ef12184eab5c18c6d7feb2fa96f7a2cf64998b	1119426
EFO_0009500.byEnhancer.tsv.gz.tbi	a04f27fd916129d32efaadd8a86207d8eeb4d63d3fc8d3872b83508bc904d402	252743
EFO_0009500.byTargetGene.tsv.gz	4894df215272571706794bb7bd4a3cce1bab33eb2b29e954b911b4450eff3f60	1262095
EFO_0009500.byTargetGene.tsv.gz.tbi	d0053a8230b4464ff6ed72ffb60a7d264c55b1538dcf41e40425ecf8c627f017	137969
EFO_0009501.byEnhancer.tsv.gz	7e1645098a6fd4c9a58d9cd733b6341ee1a0fa4fe09565f42d45aee5213e5d86	1092015
EFO_0009501.byEnhancer.tsv.gz.tbi	2bd842ea61abc8ebdf48ded7ebc6e05b8e5e22a7d7ab026cbdf27de0cc7a0c1d	233283
EFO_0009501.byTargetGene.tsv.gz	d0e0f569f20982ab63b808b1f7ed6b0dbe74a6ceb765ea92bdf14c1fe9feb563	1233048
EFO_0009501.byTargetGene.tsv.gz.tbi	3ff2eff33602ff41148a712fa0b211fef677f7a389a73ce232129d809d33174a	138520
EFO_0009747.byEnhancer.tsv.gz	e3252c791203adf28fcdc6cac069354a2d87038b276b6687e07e48da3f3076e2	1179234
EFO_0009747.byEnhancer.tsv.gz.tbi	18471cbd36d7ffeadaa38ce30173020a1e6cee1bc5ef77369f4f242ed4e7e383	234247
EFO_0009747.byTargetGene.tsv.gz	0851268435bd4c271fb43178d3098a9829d83b16285bc36dcc5f338cf4f83a72	1329016
EFO_0009747.byTargetGene.tsv.gz.tbi	a4c66987679117a75361a865255285c8c5ad28cad4814a7cb2516b23336abace	138597
NTR_0000474.byEnhancer.tsv.gz	5dad555612a4b7691eac3584c2ce5e3c35d07b7d92f66659a0d7f3c45228f868	1186789
NTR_0000474.byEnhancer.tsv.gz.tbi	df9c62b9d165304afdcc6c0ca62e3bedf3572fe01a239bf003bc107a007d6ab4	224828
NTR_0000474.byTargetGene.tsv.gz	2ecbb27964a7bf5706a5883598dc3d3fabb92cd74f21f454c01a836338915a3f	1337965
NTR_0000474.byTargetGene.tsv.gz.tbi	571adc0fd640aa21e10ff0663bae55cc59eba86cd04049bdc8e4a9147ac38eef	138496
NTR_0000491.byEnhancer.tsv.gz	c5b84fe6f21c410d99c5145fa462dadc3bdb1a1ccfeef04f41be7c6e6f208bc6	1297757
NTR_0000491.byEnhancer.tsv.gz.tbi	8d915e493442be9a1fd29672391a99a42e88842850c452b3cd0a5df96da74b57	228753
NTR_0000491.byTargetGene.tsv.gz	1d845de5538e2d25880afaebcb9536cc70ee6831e9d7cff72302964435fa9393	1459848
NTR_0000491.byTargetGene.tsv.gz.tbi	df3f1872dda11ddc0a2ce75d7d2d284018b97833b942b69e89ba593ef20dce83	138121
NTR_0000492.byEnhancer.tsv.gz	c2d03fd08363cd308973a7e83e374906327a316e1b68cb16c4c2652a0611d935	1285260
NTR_0000492.byEnhancer.tsv.gz.tbi	eb4e20702fc8c7e873e097d7ef3b78b4474069d237194cac1e9cac81188a8f5c	229319
NTR_0000492.byTargetGene.tsv.gz	7483433d3ae441dbacfbf6452265f43ce41fa2f927d970591fa46c6bebcf9d5c	1446096
NTR_0000492.byTargetGene.tsv.gz.tbi	f4c36db77fdc9038a8ed84a7de4944ad7f81b3836734fafb419e1f8e14ce995d	137738
NTR_0000493.byEnhancer.tsv.gz	7880e5a3ed50aa8920ba532be27845e7b4ef8bcbd7cb8d32eb3030baeba01fce	1278379
NTR_0000493.byEnhancer.tsv.gz.tbi	1c14412b616bc439070732da169ed7099a1f3ffe2922442c42317ee0dd09d0a1	231998
NTR_0000493.byTargetGene.tsv.gz	b64adaadf9366e4ba349ec028a5ed41db47fee3b811dd48f2be4e0e38fbe76d8	1438655
NTR_0000493.byTargetGene.tsv.gz.tbi	b5a517505f6aca396a4a9d4f98cf52409f3279c4bc35cdd6171a3f6e121aac1b	137638
NTR_0000494.byEnhancer.tsv.gz	cb353fa6ee4a20d0350a72d689907a8d289c6192235d6ddf4ef803e30f8a8362	1257488
NTR_0000494.byEnhancer.tsv.gz.tbi	877783fbdce83a06b45a87fa96c5422305df0638cbc054e496842e3b96740c7d	229086
NTR_0000494.byTargetGene.tsv.gz	32393dee2cebd7db017d157de3c2fef195217ea08e4afd9ce31a8f49c960b25f	1415297
NTR_0000494.byTargetGene.tsv.gz.tbi	3b9c8de186c37aacd6ceae0a4da8590434d7718ee44edbdd80d90f0460f94137	137600
NTR_0000497.byEnhancer.tsv.gz	c9d6e23151b21298a7133ff3580b22a02c02a9841293db866e7ef50c63b774d5	6860895
NTR_0000497.byEnhancer.tsv.gz.tbi	02364baa25ce4247797d570f0e828c38a6768e0f9c4cece1d4a8c800e8b20cb6	301915
NTR_0000497.byTargetGene.tsv.gz	67232eed81d14b9321adab8953e4062ea08a4f9e420c2826b3d36b28441a9b0d	8048304
NTR_0000497.byTargetGene.tsv.gz.tbi	462c913e740f72708662ad06de8dcf32dda9285bfade89293a5b65324301d158	156420
NTR_0000499.byEnhancer.tsv.gz	eb079ac4a7c4848732cbc50ea005b1a2053a339daa832b7ab8376c27f8f822f2	2231232
NTR_0000499.byEnhancer.tsv.gz.tbi	8693b064816089a8e88b0c15e287f085290e962e0e3106327a809781c1335396	261764
NTR_0000499.byTargetGene.tsv.gz	2c10aa523bd66661b15a59ca4bfb2f0ce309abd686b7e6726302b23578e3357e	2551498
NTR_0000499.byTargetGene.tsv.gz.tbi	52fdd6787347d49f97bc96442f02de01251fa385744a9c07731f25073cb947c6	143992
NTR_0000502.byEnhancer.tsv.gz	668eb3767b28c09e7152ae950d4e0f2164968cccc85967d6195a027b3fd8d5ed	4258700
NTR_0000502.byEnhancer.tsv.gz.tbi	15eeff574e9801f06002dfe1a00148208dfac16dfb0fc53610fa8cbabeab5125	282465
NTR_0000502.byTargetGene.tsv.gz	1f9f8d9e44014851632fe7ae3e2d0deeef981557c628d08138b4052f150bbc7c	4914856
NTR_0000502.byTargetGene.tsv.gz.tbi	98c161064dcde6352417e937a801b768b3ca9fd68d842108ed4950da09c59ec5	151700
NTR_0000504.byEnhancer.tsv.gz	fd786b504ff6ea2d0ec050961ed719000502bfec7659c468f6c06f3724c706f8	13888220
NTR_0000504.byEnhancer.tsv.gz.tbi	8bec64ff8317a879feccbe456ee83ad45d0c8f9f4693a70040c61229085dee8d	334474
NTR_0000504.byTargetGene.tsv.gz	ff01341dda961bfc01d7f7332350fb724d01bc6482b44b2053c9f6dc3ff74650	16666715
NTR_0000504.byTargetGene.tsv.gz.tbi	eaa6cab76a1a8d10f66617376a21bed64fc7e041775a6dba65fc98f5736832bb	170018
NTR_0000506.byEnhancer.tsv.gz	0f0879414534ff3964e3ea048b6e88a93cb977600139679b468e66a17ec67d32	1292203
NTR_0000506.byEnhancer.tsv.gz.tbi	03603e975c4b01637c48d318ce1c32d25839dd9130488df60e14dcaaae6f6479	222192
NTR_0000506.byTargetGene.tsv.gz	5b2227a06dc419f3a1ac06e69d1d6ef6aee9c4513309b5d05372b91e114e6419	1453848
NTR_0000506.byTargetGene.tsv.gz.tbi	263d0cb27ecabc2b38bd9566d3a8391e826a2f681efeff1c49ac26a6f67986f6	136422
NTR_0000512.byEnhancer.tsv.gz	5c1eb4f404ca1acdc94c827befb33bd846842d6d123c976d7f1f300e1adaba79	1215407
NTR_0000512.byEnhancer.tsv.gz.tbi	0b3c7bcb39256efe8557d89f3f501301c72e1f509b9d62e4f50c34cd613a59bb	224872
NTR_0000512.byTargetGene.tsv.gz	73b5bbe008635a7004c725b38c1d1fda33699233d8f7e73af37862feb4f3432e	1369351
NTR_0000512.byTargetGene.tsv.gz.tbi	954ce2f620cb46898e445cea87227526fda90b8beb1c064981364ee637e0bfaa	138437
NTR_0000521.byEnhancer.tsv.gz	b3cdd5a7a96c137f2261774ccf69f35a2369a509ee99b9cc4d47f913300b6c0f	1826105
NTR_0000521.byEnhancer.tsv.gz.tbi	3c854523750b380bde4ce3c2e6df9b88ea533c32d885406638d74db5df01229e	298560
NTR_0000521.byTargetGene.tsv.gz	20f9b6bbb86e640720a3b7a72fc290073fc97b46b83dae8e37c2f038156f601d	2085747
NTR_0000521.byTargetGene.tsv.gz.tbi	9ca29d86d236a7c10c9662bebf75ea3d95ffa6ac81967dfcf5bfc9a2b7dadb04	147526
NTR_0000522.byEnhancer.tsv.gz	2213e53c32750c6ac67c54c4b9e79d71d479d4c5da9eeb8c653c48b5df904663	1813340
NTR_0000522.byEnhancer.tsv.gz.tbi	1aba297979730bd02a19f29239ec77866052d2f988a5987788695f9ab4bab03c	293980
NTR_0000522.byTargetGene.tsv.gz	bd7e51e54cdeb8e0345273eff6ead7586e1ecda050c9511046ce614482a25c47	2077205
NTR_0000522.byTargetGene.tsv.gz.tbi	4d6a40479b3cf8bfc3553f5d4df513105b0c22709168e04bf954fc40b7abf66d	145812
NTR_0000523.byEnhancer.tsv.gz	b4f8fc859e96576339ef9c296d4e1d37d7710a17c5609a39a5531c5dea15f068	1091098
NTR_0000523.byEnhancer.tsv.gz.tbi	e49705892c64de97aa31be69a316bbbe7780724e0faaf8493691e67fa21f5faa	258922
NTR_0000523.byTargetGene.tsv.gz	702106e644c27862eddc5923ed073dd585015ee91c784cfc7dd04e906acdb2a1	1227301
NTR_0000523.byTargetGene.tsv.gz.tbi	6901508787954e18b4c7fef4b6b496b82011688ec32f76a12465be7b3929a52c	138308
NTR_0000525.byEnhancer.tsv.gz	daa21af874c333b95ace5293fd10c201e6547604a9ef317b92b9c92e53919e3f	1097229
NTR_0000525.byEnhancer.tsv.gz.tbi	2d2ac64ba66478e3d1cb3590844718e69d112d050926907012531ef0109c6b37	258935
NTR_0000525.byTargetGene.tsv.gz	714be154aff77e9258b136bfde748902240606d9d871cfefb91f5b0ee0d761de	1235795
NTR_0000525.byTargetGene.tsv.gz.tbi	0e8c825e17c59575e5601f340d3bcfe1d96e1c993f11d7101a7479b55e17d411	138708
NTR_0000537.byEnhancer.tsv.gz	c02f85a218cc2bf2e5ef179dfdf45b6f1ca9bbcc55262627203115df905861d9	13366762
NTR_0000537.byEnhancer.tsv.gz.tbi	0f16032d2d66c4fa60c34b053dc8dadbd9117156e4f6d90dc94d7629e38bd10f	326968
NTR_0000537.byTargetGene.tsv.gz	5acac8f7e91a97747243a2625d349d4dc22b227f752180ed6208a453548052fd	16111392
NTR_0000537.byTargetGene.tsv.gz.tbi	19413a30cef225102bd548db3073cdf742f7dfe3491c1827d77d9f9b6875938d	167425
NTR_0000633.byEnhancer.tsv.gz	52b71df204ce37d905406201a6ac57a8c6e541e5471303f9c82f2e29573fe7d4	4100318
NTR_0000633.byEnhancer.tsv.gz.tbi	abf44fdfdc46f720bb4fb1a2cbc16c7aac35924c3be5c88a4aecc8ddf41893c2	296009
NTR_0000633.byTargetGene.tsv.gz	17f86e4b906f8f86dcda5a0813510b39f79769684e62c405a6c7700c3f68953b	4732513
NTR_0000633.byTargetGene.tsv.gz.tbi	cabaf8fb5c33430abba0e75e1e3f55f38850792cd76f93afad286129659fa896	153301
NTR_0000634.byEnhancer.tsv.gz	f24d3d83ce10a58a90d00e1abda479ae91952072f59e693930ec4550da017a15	1250371
NTR_0000634.byEnhancer.tsv.gz.tbi	fb1a398ce38bffce5e6f8c6bf40e9e17f13848790c1ba8c337aa8b8fa18f3ece	232639
NTR_0000634.byTargetGene.tsv.gz	e99ca70bca3474a71c3bf01122c1fb68e75c54e51a80dc919595e2915d791468	1409313
NTR_0000634.byTargetGene.tsv.gz.tbi	0c6aff76e97a2d69731775e0eccdba717c249b1fef3fb6f0951d2af452899988	136413
NTR_0000660.byEnhancer.tsv.gz	95fcd3cf0d66ac420ec52ce5cd3d761feb801ceb77d79cef9a70bdb2a5de5232	3158097
NTR_0000660.byEnhancer.tsv.gz.tbi	1dca071e8b2d51881578135158348fc6787ccd385824a743fbe2a766102eecad	278296
NTR_0000660.byTargetGene.tsv.gz	29e0b394f7a756e0df73576f3e5146a0c6c806d42888877625b00e3a7f38a102	3629787
NTR_0000660.byTargetGene.tsv.gz.tbi	cf1dba1e8369a01a02a8fb915fc01526f15bb63770320508615356680578d243	149226
NTR_0000661.byEnhancer.tsv.gz	5e1648c326ae39860401d91c6d165ebebe52c1b96df5603d8d3df8d31cefd2ce	1243948
NTR_0000661.byEnhancer.tsv.gz.tbi	d4a5763b8e0e0794049b4a12f32c5f02861ec924438684592bc4b34779dc6b62	235332
NTR_0000661.byTargetGene.tsv.gz	6824072516b2e60a9ae1771ea566384e86b44f793de0dddea568430c7715fc83	1399978
NTR_0000661.byTargetGene.tsv.gz.tbi	107d21a7e8bde2adce6ee7bde1560d0407b2344efeca42bf26861ce2813662d8	137587
NTR_0000663.byEnhancer.tsv.gz	71166a024f0d205877e99032d79379f52dda158464e7d34cb8252e6831905422	41508040
NTR_0000663.byEnhancer.tsv.gz.tbi	947e69e2fe84bcb6c229d7180bdf138568d806c08060634422b45ed9e06078cc	384523
NTR_0000663.byTargetGene.tsv.gz	b2a09d2f3c15dbd90a53faa4fb32b18e1a28af4714265bae0d88a1050d578eca	52076303
NTR_0000663.byTargetGene.tsv.gz.tbi	a3724e928e29f3e646e25143af4b6e42a926ed53866775852abed5436fe00eb4	194276
NTR_0000667.byEnhancer.tsv.gz	39eb3286cc474bec15958a4c699b8d0a04ae35e5f28c782ceb1e7dbd59345f87	3200614
NTR_0000667.byEnhancer.tsv.gz.tbi	5b4f7b1ebe3df75338a30df443f34248c0f3c7a00a10c85acc7322dfcef2f27c	263017
NTR_0000667.byTargetGene.tsv.gz	a62bdbc9be2a6dc5a2e880df84913e17aa11bed37b68ab8cecdda7bffcee4d0f	3680793
NTR_0000667.byTargetGene.tsv.gz.tbi	e842f5305a608ffe053306aed6e8619f2eb3c1a5e093b6fe025b6db001ccbffb	145478
NTR_0000668.byEnhancer.tsv.gz	4132d4caecfdd0afe3e51b12b9b0509fdcf04b83d9db8b7dc57bda498f64f2f7	2313638
NTR_0000668.byEnhancer.tsv.gz.tbi	4512d47d0e7933cb9b7b8c841ac58a5bc566c47100cd07b310e182e204a374d9	248979
NTR_0000668.byTargetGene.tsv.gz	600cfe2c21c06a7c103906b5ff3bc47b1c56f0d12e658a395dfaba72e3efcb26	2638846
NTR_0000668.byTargetGene.tsv.gz.tbi	ae86d9990127a0129c9186d16b357995be4e95d9527270d6ff1ee72370c9b3f2	143274
NTR_0000669.byEnhancer.tsv.gz	28a4d605827fd2f5f134cd751f110c33d4ffbb9cd77a7d04c68f07a3ec83097e	22651507
NTR_0000669.byEnhancer.tsv.gz.tbi	c8fa924518aa517254e0d831452045e409d57560e766e71e94269bbb9c33daef	360887
NTR_0000669.byTargetGene.tsv.gz	5db89a8eca5f347cfc6e35ce4d9f83a8325b2bec6281dee963a330551d018e34	27772716
NTR_0000669.byTargetGene.tsv.gz.tbi	e82680c2b1a7fb113a6bdc00374c62fb6905ec6d6c6f817b069f7e8f637c9fa6	181513
NTR_0000670.byEnhancer.tsv.gz	6d43ec8bc14579d4ea3acd9ce64c6163a24e9a4f34eed12fc036f9297bc1b571	1295051
NTR_0000670.byEnhancer.tsv.gz.tbi	955337ce539c5668b58f41c29ba922e0dc237e4183e7bbe9e2dd355644c406dc	229123
NTR_0000670.byTargetGene.tsv.gz	ae2dac1d18d723c44a32521adcb991dcadfe9165c2c068684e30af766d7704c3	1456326
NTR_0000670.byTargetGene.tsv.gz.tbi	5e169b1b370aea0188d4902c820860648677cdcd3535092935412a473d86c3da	137110
NTR_0000672.byEnhancer.tsv.gz	c56d79b7f5850b74aa3a22d97d522c29f6c2e77f5ff0fa73a3569c9edfffee9e	2239041
NTR_0000672.byEnhancer.tsv.gz.tbi	a3ee3ff09dc2e1e2c82c7db4129dd7f8e15ab9157c4783229f3f095743380949	262174
NTR_0000672.byTargetGene.tsv.gz	31c76f526caf7939a6415595f984dd515fb332daf691b62b57e140107ef0cbe9	2556205
NTR_0000672.byTargetGene.tsv.gz.tbi	2fa911cf4ba3da12a3c5eed37c0162df0e954440eddfcce2943345909f2f1e22	144623
NTR_0000856.byEnhancer.tsv.gz	2165e9c00e23303d9fd2df62994829b3b200a240c71e4f313dd43d8ff1932728	1092834
NTR_0000856.byEnhancer.tsv.gz.tbi	b9dd32b6c0173fcd29cd792c9e51bf416a99a3025fec09f3bf9c2e35cf4219f5	250401
NTR_0000856.byTargetGene.tsv.gz	e2dc4775fd86ac8634ac226809ff3310927ba5ed0840d0570600377649b2572f	1234180
NTR_0000856.byTargetGene.tsv.gz.tbi	608c98cf4c54ceecd1aefc1ecf45a7dd80c9398c6fba0a6cc14323ff36d5d163	139399
NTR_0001484.byEnhancer.tsv.gz	b7fb1f74b40b5bbb0280938dd0f455c50d8c994b1ebd93f207d6624578911c71	1178591
NTR_0001484.byEnhancer.tsv.gz.tbi	f48d33e6e4f89ce5d19e9ff6d85d88fab6f74b32655c14b8cb4f7190c129e043	244273
NTR_0001484.byTargetGene.tsv.gz	cf9ed9f46ddab3c77a3c8e60e603491cd86039414bad4f23d56619f5074cd47a	1326490
NTR_0001484.byTargetGene.tsv.gz.tbi	a2781d367504c056550e82ff537df200c55c2343db17177108da0ce5db27d654	139102
NTR_0004148.byEnhancer.tsv.gz	53b7a58a2cd8f8cad71b4f843f01f940d040a9a0adb92d209ca3b8eabb4e4316	2290341
NTR_0004148.byEnhancer.tsv.gz.tbi	d20926d1fb3230af08480e0e50e996343b33ef1dffe04a729b497fa6f056c6a8	266970
NTR_0004148.byTargetGene.tsv.gz	bb6a880453941ef3b20d07a4b4e296b331291d8e255f78109ee6d3dfaa0ab933	2600829
NTR_0004148.byTargetGene.tsv.gz.tbi	a35b3b3d5f730b8bc728d4fbf9ed7b7c5c1ff79734988c1d6c5dc86a9fa3bf5a	146730
NTR_0005063.byEnhancer.tsv.gz	a74ed13785aee0c624817641b6a6bfd486f9f9991fcacda824d7182bf4a66b8e	1089814
NTR_0005063.byEnhancer.tsv.gz.tbi	a2450e32ab184342b8c07291c5b572261985a9b764fabd899d303aacdc1a44c8	258336
NTR_0005063.byTargetGene.tsv.gz	274aab4ab39cf0f811c8743a993aa7a67de03d9c8f61f819b8282e379c2256b6	1231225
NTR_0005063.byTargetGene.tsv.gz.tbi	32352443e514a8ecbfaf6d34cc575ec61f3491e9572a68b919571a6aaaa9159a	140158
UBERON_0000056.byEnhancer.tsv.gz	dbae8a85046aaf37203a18531c2e45c6302ebe736f7ba64048c172300ea6785e	1280218
UBERON_0000056.byEnhancer.tsv.gz.tbi	fcc60091690a061d2628ffc702587aeaf82bc023b3ae2e52206633c99fbb0888	229320
UBERON_0000056.byTargetGene.tsv.gz	39ffe58e7091317684e741a3410412f2b6c0cee0223847be945c33da39972112	1431260
UBERON_0000056.byTargetGene.tsv.gz.tbi	4e60cbf47aaf1c62f3775a999cf2f109a0e0f61385d7656ba82874c8d6bca585	137878
UBERON_0000059.byEnhancer.tsv.gz	7580b7b8cdccded62d77d62012e057a0afd095692ae583d6735b2ac32cf2d599	11964596
UBERON_0000059.byEnhancer.tsv.gz.tbi	18d9b113fc6c89a52c268b58015102d0730db7feb536c5a1903f3b223bdfb9fa	352951
UBERON_0000059.byTargetGene.tsv.gz	760f069535002bbef8d431b68e9362de9038a1f07a06523944c0e45c202984e6	14221732
UBERON_0000059.byTargetGene.tsv.gz.tbi	dcde20ff3b09eb55429ee1b92f8ef9dfe95e2361e4cd6aa547e0167778d22d49	163835
UBERON_0000317.byEnhancer.tsv.gz	ffa1570be269f4f047f3584c860e9de715c6754684b42e94ad22669a1bf2a4d1	2388739
UBERON_0000317.byEnhancer.tsv.gz.tbi	e41505b49d93df1a1334c046394e005317aa774fd12848a73d947e384dcac72c	264422
UBERON_0000317.byTargetGene.tsv.gz	cbf40c33a3ce11cde29d059e921c6362e0f8fc3cc1620640953809362e1272e5	2684767
UBERON_0000317.byTargetGene.tsv.gz.tbi	bbe954845514b04aef43ad40eda4806c69851c94a601eb324c58fef1773d227d	147561
UBERON_0000473.byEnhancer.tsv.gz	5bddd1b7b2e1cf2770cd73247b96b9feed5250c6b209a944b979750be5df87cf	3763686
UBERON_0000473.byEnhancer.tsv.gz.tbi	a17f7cf554441c0fa0401b1bfa32f918a96ee723e0c36d25cb8dc6d9ad68aec7	358161
UBERON_0000473.byTargetGene.tsv.gz	0b25d76f6a99f56114897a0f8a0978ae1335f23fb515967cc09056b475bcc0ce	4253272
UBERON_0000473.byTargetGene.tsv.gz.tbi	2174f1f206964b12a439039f4da0dfb21e762556786ae20614bf8465e3d86249	161835
UBERON_0000945.byEnhancer.tsv.gz	11c4b80d4d4c9f740aefbc4ee4ff88f61660eca02027818b4500927e13c6ab7f	17540194
UBERON_0000945.byEnhancer.tsv.gz.tbi	5f7d6a825f8c0a50daae14cfabb56d2493bd27b0663eab8a3f054aafdbb574e9	396076
UBERON_0000945.byTargetGene.tsv.gz	1683f2f08dd95f3e85c03d7d1e3f4a32b9a33b68607dd4e97197e8e736e9c5fe	21054446
UBERON_0000945.byTargetGene.tsv.gz.tbi	4e1421ec827ebb57e7e1f58c82a0c2eb350885718e2d5c9844a74675f5c6260f	173706
UBERON_0000947.byEnhancer.tsv.gz	c1234cd513c5f046648653cc86596d979785c4da3f3a66c8adebf52063c91f3e	2394876
UBERON_0000947.byEnhancer.tsv.gz.tbi	bb634f4bf97f7e60b0115485657014ab5e4ad525e9737e79a3ebe00c6c0fafda	247580
UBERON_0000947.byTargetGene.tsv.gz	2b776c1e92f7f7cbe17d6799cf3fcab249468b0af5babfa87e33830eadc994c9	2712338
UBERON_0000947.byTargetGene.tsv.gz.tbi	62c15ca8958add7cf9eeb23800de8af83b1242e3bc03ed00190ad1f1a353ebcd	145139
UBERON_0000948.byEnhancer.tsv.gz	7630c00088ed63a575e0897a271569e5024b9ddda49a22fa167e87aaa261225f	14565964
UBERON_0000948.byEnhancer.tsv.gz.tbi	9b6838754bff366592cc7b7d0b46d25f96c102749a686cf98cb39b3eab31cdf5	363846
UBERON_0000948.byTargetGene.tsv.gz	59a151e5012c9d94d7a99c5230381c77e2a8072180ce132e25185727e51b6100	17421106
UBERON_0000948.byTargetGene.tsv.gz.tbi	34ad061342f0d7722ba29be5c23c445d32873d6a53022556a3883f0f8cc7c55a	167807
UBERON_0000955.byEnhancer.tsv.gz	545faf9e7c0c9b3f4d89543b1d375409a37b6065b42292836398e3af483aa8e8	11625062
UBERON_0000955.byEnhancer.tsv.gz.tbi	aea4173b66ec3f05216877b16b50e452a09a60192283db45cea761e909eb4814	442493
UBERON_0000955.byTargetGene.tsv.gz	9e233c328bb3589dff11c9a7549933eaa4329e367c68a513fceba55b3ec8fdf7	13666793
UBERON_0000955.byTargetGene.tsv.gz.tbi	6cb038f232b7fc3c6a0755bd21724faa7d8342d35adc5461ad4a377e24f537b0	167885
UBERON_0000966.byEnhancer.tsv.gz	0077205f8ce936d09703ad5979acff27e8c7417b9790ede76824874171182ebd	2760529
UBERON_0000966.byEnhancer.tsv.gz.tbi	1088ea7d3e273da131c568b6a33a96878322606467e8e701ce113d76e83f60e7	280842
UBERON_0000966.byTargetGene.tsv.gz	26227f31fa6569391c1b08ded6f531bc6728a64dcaca69d45d199d59e021405d	3147983
UBERON_0000966.byTargetGene.tsv.gz.tbi	d953197534c790904ade9419774ac982fabe2fb76b19dc13a6ce5d1653a1f337	145391
UBERON_0000970.byEnhancer.tsv.gz	965f945d9c3304c7301a0c90443b1bf4e9427d89fb271ecbfe07b6ee394558ad	2032452
UBERON_0000970.byEnhancer.tsv.gz.tbi	1162b667c6945d98128eac87920e100a577a72ed47c75114850351e2438b1b44	270017
UBERON_0000970.byTargetGene.tsv.gz	45c0d9dce59d6497d150a0091a08ef4eebf32f5f5b1c5825cf3ece95db0069fd	2306093
UBERON_0000970.byTargetGene.tsv.gz.tbi	88a8d8519c6bd49c373e059eba3019934198e69cfa98c1800edf8431ba491f75	143757
UBERON_0000981.byEnhancer.tsv.gz	f29d9570d8a9f8fb38916b67f6d91a816d4cfd9104ce5af7834a97823a51067d	1241056
UBERON_0000981.byEnhancer.tsv.gz.tbi	3bc2283a474f7f4faf66065c7a589f7d4036f1b6913d8e3a77e4a9b08d6e41ec	237292
UBERON_0000981.byTargetGene.tsv.gz	229791eb279ba0b98da0ff0cc9d65f87c2c81fdf1875848d3e59bc3c2660cfa7	1390147
UBERON_0000981.byTargetGene.tsv.gz.tbi	78f49a770f29f910d4a4e08496a8e711a5a708f232f4e5b0a17546784a9fc557	138049
UBERON_0000988.byEnhancer.tsv.gz	b7ab5fb2e2d24190271fc1e430e50cf02cfdd090398ae044c2a24064fc962a92	1212415
UBERON_0000988.byEnhancer.tsv.gz.tbi	9a9407fc353e809dae6e8bd9eeec9953d599c50b4189739b9199ab04e45e6a78	253440
UBERON_0000988.byTargetGene.tsv.gz	2b2b5fc50cac63c8b81cb93122d30304aa2bcc5c5a1bace811829b6c00a4da5f	1351939
UBERON_0000988.byTargetGene.tsv.gz.tbi	5b93a98a0d6fbe6066a943458bd6b3b6d5b86288865d403e15785e2700244dbd	139701
UBERON_0000992.byEnhancer.tsv.gz	c9936271dd7e9087921a8b18ced93dc0586fb575adc647cdbc9af73bff90fb72	8818871
UBERON_0000992.byEnhancer.tsv.gz.tbi	08f0fb7f9d89bd0f395c9e1e79d398fee1134a20893df7f6ec72f85e3be772c8	328831
UBERON_0000992.byTargetGene.tsv.gz	1e99a04c0407a6ab7226d72f3999c497fff761de4970afd825117e8505cf2b61	10359976
UBERON_0000992.byTargetGene.tsv.gz.tbi	ff619740922da73a8a81c29d74b839e4a711a7c0772de1cd79aafc03d0e1f92a	163048
UBERON_0000995.byEnhancer.tsv.gz	398633b4b745a207d5bcd4e4c45baedd91c4bbc41692307b54dc0bccb7c86db1	2345457
UBERON_0000995.byEnhancer.tsv.gz.tbi	a7da49a1b1037309f498528afb69c4d11963e71457b956728a817e9c00a77ac3	249963
UBERON_0000995.byTargetGene.tsv.gz	3a432dcd5132df6ecef4c18fbf7dd518c1f0dc50025e3ef08652c4d62f2cb8ea	2657009
UBERON_0000995.byTargetGene.tsv.gz.tbi	923555fe19fbaa5ba7747ef4f39bd9366476c4ba69f52fece32addec43d1e6f0	143952
UBERON_0000996.byEnhancer.tsv.gz	ebbf3c829eedf75d40d3ced92bbc374acb8707009100986a939370a253f6a384	2009239
UBERON_0000996.byEnhancer.tsv.gz.tbi	2f22c955d36c35c58f6366bf0dfb0b7cec49b3f625bb0467cec916efd002264c	280110
UBERON_0000996.byTargetGene.tsv.gz	c3749016d89f2d64e0a4bbdd16e26203c73ee61aec708ee3a768165233294bbc	2246223
UBERON_0000996.byTargetGene.tsv.gz.tbi	76f212d2bf9bf3253a206b256ef84f2bf88afe740f0957fb29abc34c6b5901ef	150229
UBERON_0001072.byEnhancer.tsv.gz	1acef1b02e6ff3c7d0f7c62dd12a65af47f68ea1377be263497c003e00cb902a	1306286
UBERON_0001072.byEnhancer.tsv.gz.tbi	8b9057681a045492e5ae1cb95af4125285511db327378a03af7222775afe6991	224087
UBERON_0001072.byTargetGene.tsv.gz	ca80304fb49a4f5210d8136f572979dc7144f8d6e65f036518ced3b0d14beba9	1461732
UBERON_0001072.byTargetGene.tsv.gz.tbi	7d6877feba67b5198244408600bc79815fff12d7346af832fa1326cfab59800b	138092
UBERON_0001114.byEnhancer.tsv.gz	fff1d357339b198b1d198bce61c8740d23105a114a8bd617ac93a145354e31c4	5291739
UBERON_0001114.byEnhancer.tsv.gz.tbi	7af490b01769b5cf10f40acdd17809d55b9a5991063683754b7f96ce5120015f	289176
UBERON_0001114.byTargetGene.tsv.gz	2cb0b315abc072167c4978e22a1695ef241139ad3f5290b9acfd02f338e997d8	6123605
UBERON_0001114.byTargetGene.tsv.gz.tbi	5cdbd5d1ab2779fbe9b7b70fbfe447d960ab9274307663fa986d844ff70f26a1	154505
UBERON_0001115.byEnhancer.tsv.gz	92ae68c81ba94974d5eee3d39fa8017a8690441cca8bfa0fe3a7e98713badb41	1306776
UBERON_0001115.byEnhancer.tsv.gz.tbi	dcaa05004c32ae281d17f31513f2c0617652a2caf623e587ac6941b2c6cd0d23	224609
UBERON_0001115.byTargetGene.tsv.gz	93cb6277019acf4f6cb095bc3593a23825d3dd8fa8dddefcaaabbc6533bbfeb6	1461491
UBERON_0001115.byTargetGene.tsv.gz.tbi	c948e301ef23a2f7f44adccf838a9cfee9a681044d9613256ccd739397515f9f	137672
UBERON_0001150.byEnhancer.tsv.gz	bbc6cd429d7bc510418cf94c91f5746047e8c1968e85e36c5e48e14e0ac6ecb9	3898939
UBERON_0001150.byEnhancer.tsv.gz.tbi	a938774f627284c18925edbc78bf1db40bef5f2bc6d86f003bbe9a2be724ec37	287573
UBERON_0001150.byTargetGene.tsv.gz	214eda94167cd5dab78f9640d8423483ca22e3f1049f997d701f8fb4d41157af	4513603
UBERON_0001150.byTargetGene.tsv.gz.tbi	c3daa2cc8b0d79031d2ac1910f5c9de290c042b4fd4ff526478ef59a1b861062	148920
UBERON_0001157.byEnhancer.tsv.gz	89d6b793278dd182bf4982847c83000a1c8c4c254e90cfbb4f01aef8e988fc3a	4282532
UBERON_0001157.byEnhancer.tsv.gz.tbi	dd5b4bbc45273e59de5d034f18c0f95c08bfa7bea3d6c74c84e8493fe46704b2	293389
UBERON_0001157.byTargetGene.tsv.gz	366aaff3d4e73f010b6b654c47c6fdd732f587aa6ce6517c8ffa274cf9b1b4ca	4910219
UBERON_0001157.byTargetGene.tsv.gz.tbi	41df5eddad6b1eadf77cae94b416ea5a59887a727386063f8a3a8b9b12fe9a7e	152552
UBERON_0001159.byEnhancer.tsv.gz	8f18d3010d818890869f77967b44fdf175c01c029d2d2ac6ea1dfaa9f51be3e2	3107132
UBERON_0001159.byEnhancer.tsv.gz.tbi	70887c17204fffe1beb80784385c2b195e006d6b2a6305f4a934e7bfe1b96061	292634
UBERON_0001159.byTargetGene.tsv.gz	8ee779a33ec428f16c7e68421c877933bbfcefc31ee25cc5a0c46348c9cf8c01	3508656
UBERON_0001159.byTargetGene.tsv.gz.tbi	16e797e26ab3eaecbc9e9ae0c77782b22ea7b1ade08aa04b57e86581e70a26d9	152015
UBERON_0001211.byEnhancer.tsv.gz	98c78e80b650e09bb2b1aad359e6cdc5d80f55f27dda1be8f6e729cd86b15068	4258687
UBERON_0001211.byEnhancer.tsv.gz.tbi	01aeef9d1179b059a883328c486dd6f17b09e86fe06b99b0cbbef566407c9792	298454
UBERON_0001211.byTargetGene.tsv.gz	ad4e49b722ee0ff95397badaa1e4b1dc00ffff243031a2b85a2e037af7ea6ef3	4877943
UBERON_0001211.byTargetGene.tsv.gz.tbi	a41f94a325f2993fa1c5403b80f64d26c964dc0d7e966f9dd0e1c369e84e41e1	154381
UBERON_0001224.byEnhancer.tsv.gz	7840e240dd48ee1121e4532e048321979f78d2b4788348361baf11c08e5fd8c4	8149857
UBERON_0001224.byEnhancer.tsv.gz.tbi	7cf1a617bc2d6505d2cbe0b958a0d63baf43e634e4638f4a89fea0626254a607	330787
UBERON_0001224.byTargetGene.tsv.gz	ad55d797ba26bfe87c560ee97c0b0b83715cd8865de674070de71b569bbe9456	9585028
UBERON_0001224.byTargetGene.tsv.gz.tbi	fc57756802184a404159951b17cd67985ce42b342bc2d17398774a9665e86a64	153710
UBERON_0001255.byEnhancer.tsv.gz	e7dcca56f47c10686fd42918a6f876b5d96e80593ee83e1a6b17198f95464ef2	1101628
UBERON_0001255.byEnhancer.tsv.gz.tbi	331e3819d66a24d48c868940bac5777469a4c03b8420315067e82d12ee8403bd	253447
UBERON_0001255.byTargetGene.tsv.gz	97a355e00080aa762f6a8e7e4f99192e37df77065d129b6341af77f54d9e2b47	1234478
UBERON_0001255.byTargetGene.tsv.gz.tbi	08357a5542687c12e2d5eedc178bad7163c2dd7634d08a9e6a6e8e29faec0af2	139795
UBERON_0001264.byEnhancer.tsv.gz	6d058f9cf1f750d6b28c59e1089f94124c6c7e8f40a1c30458d1439a5ad49210	7880536
UBERON_0001264.byEnhancer.tsv.gz.tbi	206562dabe7dda024ce4c28e78d7c45c02f1dd451b2f5f002a1d79b786bfa5d5	330632
UBERON_0001264.byTargetGene.tsv.gz	5d99aaffdffba3830c1fd369fc0954f293376a7e20572757d01c8aa692672d03	9185099
UBERON_0001264.byTargetGene.tsv.gz.tbi	a7ee0b0b21f25180c474fd16d8f638dee26c6d1f50001bdd6dd62b4e89bcae4c	163284
UBERON_0001322.byEnhancer.tsv.gz	0a4e30cb8ee3f28695832c6cb91c292e2a3378c41e7164b5ac465419e391174b	1325631
UBERON_0001322.byEnhancer.tsv.gz.tbi	d3c40b92abc5df617ae9b79e6fef1615046d2537d8c09f55c25f654720ace4ec	217605
UBERON_0001322.byTargetGene.tsv.gz	17a8eba57eb386e46eb65ff85ddc9abcf173c17dd15b3d77aa92b74a24d65713	1481803
UBERON_0001322.byTargetGene.tsv.gz.tbi	bb7c35373d48cf58f0566671dafdcd4420b9216cca45b82568c9b03008386025	137513
UBERON_0001323.byEnhancer.tsv.gz	9cc5976f971afe361b414cde0e7fdf406560f9189df83cabc4d7eb633c90090d	3157138
UBERON_0001323.byEnhancer.tsv.gz.tbi	72a079f22610ef30d30df62f904aa0272d075861f32a394339290f0a4d7f7749	309659
UBERON_0001323.byTargetGene.tsv.gz	61ff5554faa795c5875956e293f816bfce37f419c4713a7d42d41d58b7c512f7	3561360
UBERON_0001323.byTargetGene.tsv.gz.tbi	f9764a33db7b17f68362873391b5ba44765324d2e321cb94dfb785fbd4855eba	154740
UBERON_0001383.byEnhancer.tsv.gz	f20a8ae6017cfa8ddcacf30624f57838daccdb05b7246279870090141f11d9c7	10083229
UBERON_0001383.byEnhancer.tsv.gz.tbi	c6d88c1d390d55f75fb9fe8e19665f30d7a6c76fc8b28cf96bc64486aefc297e	348896
UBERON_0001383.byTargetGene.tsv.gz	66934c4c0945deb28a65fd1663625677e67659587e3ba71f76e7d686f2442c3b	11918757
UBERON_0001383.byTargetGene.tsv.gz.tbi	e38c5fa13d8969af82339b89c5a980e85c176d378862c3e0898c1cd9576b7f4f	160934
UBERON_0001496.byEnhancer.tsv.gz	1e92d7bda9e0deddf31a38653d0741fe9940a6eff05833a3bef3e9362a7915b7	2352140
UBERON_0001496.byEnhancer.tsv.gz.tbi	a6a645542b4ec020d02a3b0d583d2178ce058c2f02e0877e7f13a8c1377c1468	257148
UBERON_0001496.byTargetGene.tsv.gz	d92647347e5c1a97fe6295c1043932fded1f80b6fdc55276fe700654a4628028	2662056
UBERON_0001496.byTargetGene.tsv.gz.tbi	e01cbcd40cc09a37d48e7c5dfe6d062497f4466a67548de10c7941ec46be972f	145696
UBERON_0001499.byEnhancer.tsv.gz	0ebfbad01e92ce0aedf2caad3930248a4767f79d5447487efa8f06fd0e7f7733	13021827
UBERON_0001499.byEnhancer.tsv.gz.tbi	ebcec2723ad5f9a156f2121655ebba7fbb9a30344af80f2faac58d5620f8edb9	350055
UBERON_0001499.byTargetGene.tsv.gz	b876dced566b312a0ddcc5f9f84574671b12a26a063db3357860669c138671e3	15518696
UBERON_0001499.byTargetGene.tsv.gz.tbi	afbfa2afee81ef0c7844c3888d6ca002d670209226b446e0a231958b9193e0a5	162347
UBERON_0001515.byEnhancer.tsv.gz	1cb5fd8d1bcd023ebebe81cd67a562787a1b1026d0c3aeb2bfb7fe380352a5c1	1282640
UBERON_0001515.byEnhancer.tsv.gz.tbi	fc83220286a552949b22d73d79386d9d1f7fb4831353d542c9e13fa1b52e521b	232572
UBERON_0001515.byTargetGene.tsv.gz	f7115ed0f828918b380c1eaaca70b8a24a758e0fc29a4fced351fcdb243a9589	1434781
UBERON_0001515.byTargetGene.tsv.gz.tbi	1c7e7a93d96af5efc2a46a2f50cab408f643499d8f2c0bd9c3a5733435f9ac19	137560
UBERON_0001621.byEnhancer.tsv.gz	bbcfba333ca3a0f4f9e857455d9660e2edd88fd023ebecb2ddd8241b233e8e44	2160575
UBERON_0001621.byEnhancer.tsv.gz.tbi	56c86a717b2a7428b96e385357978bce51d1c4cc918dbd84d6bcbcb113445c44	266258
UBERON_0001621.byTargetGene.tsv.gz	753a6ebf63e46b8c169a39d2b1625ed94e6a8fce01c57ccc58aeee5a4fe8f948	2429530
UBERON_0001621.byTargetGene.tsv.gz.tbi	623cf23401e6c3c8aeb8c8372c18558edb15d7ad58724cb50b2c5454dc585365	147162
UBERON_0001723.byEnhancer.tsv.gz	cf28dd781aefbbbee07eeda278bc088b5b75a01c782b1fff8606f39e8748782e	2037216
UBERON_0001723.byEnhancer.tsv.gz.tbi	39042d30e42ad8752a065ed138bdde5f489a551b20840d2802eb0a111e7dc88e	280302
UBERON_0001723.byTargetGene.tsv.gz	0c3f182d3a5b2e49589cc7c04e30e97235340c4cbe0ae6c4549ff08de000bca9	2315291
UBERON_0001723.byTargetGene.tsv.gz.tbi	a0e14f52bf2a86337811a7725e46d6ac5d2c6081b7b9c8d4b27000f1d966989c	144120
UBERON_0001774.byEnhancer.tsv.gz	d73e3c453d001e20545924bd0728d4d2f2b40770dc7caeb59eed9d62b6ccb987	2809471
UBERON_0001774.byEnhancer.tsv.gz.tbi	0d9e33182012f4914b224db36bcc2a7e90b28a13d4393d1a6d25e69cb11ac81f	298370
UBERON_0001774.byTargetGene.tsv.gz	d21bee6366b9a3d9a790d011927548701fcb31383082949c3fc2e031856d2380	3206164
UBERON_0001774.byTargetGene.tsv.gz.tbi	d6e2b2b9e6509a7febe1e1192fae62c74149cf4ce66e7327c1637bbd8c37c103	146602
UBERON_0001870.byEnhancer.tsv.gz	30354275e29c16df01d2f844bdc7d9f32964665f64d2d28a1f855d84d884c2ca	2224265
UBERON_0001870.byEnhancer.tsv.gz.tbi	0a5deaa50ec335adc9c2b414827df9e8edf5f4eca83b2c160113c5d6d45848f6	229732
UBERON_0001870.byTargetGene.tsv.gz	56ac753dfe237b201ffabe87bedf27b9191797490841680c13f96e51887b5daf	2515160
UBERON_0001870.byTargetGene.tsv.gz.tbi	888ef6af8c39382df8b3b50450168fb2fca98794abcacaaee21b006b1ff424bc	144136
UBERON_0001873.byEnhancer.tsv.gz	a4ee2e252a2d893705ac49294f608ecfad7a81fd8737e9d9f691c1d10b64992e	1132499
UBERON_0001873.byEnhancer.tsv.gz.tbi	0f6cf8e143c6167cd17ada67ff4932083b4ee082c48df6e446a19a9c64d00d43	266247
UBERON_0001873.byTargetGene.tsv.gz	0a39666c50bba24d27a60b37caf6a4fd7b19864a712be9d8fc96cfb2fda010f7	1264385
UBERON_0001873.byTargetGene.tsv.gz.tbi	a728cc12cf21f1a24edf5650ebbd0e7384494a41ec023d4c7fa0947b9ea994aa	140590
UBERON_0001874.byEnhancer.tsv.gz	906fb1bf45e1f6a3e64f41efa47a8ef62f75491779230683817680cba7823d6a	1182515
UBERON_0001874.byEnhancer.tsv.gz.tbi	3484b2c4b8794fec547078c2b61f62c55540d34995f98e33e0b74fcb56b15645	250543
UBERON_0001874.byTargetGene.tsv.gz	ca467a553826b16559523311dac77b976b3ff793c1848601d702bc0002653a36	1322569
UBERON_0001874.byTargetGene.tsv.gz.tbi	7120afaa962429cd74fe3ac5a16115469f97b421c5d8fa30df9b123e1366dee0	139409
UBERON_0001875.byEnhancer.tsv.gz	b1bae7db092e9b397ebb34c1b639d6d8f5c841c1f24819f9967abd1fb859e527	1206305
UBERON_0001875.byEnhancer.tsv.gz.tbi	2310c7279d429751e85e28aa868f1d74adea52380b0fd5e7d47828e695e69769	251705
UBERON_0001875.byTargetGene.tsv.gz	d0afa1d2f5fbb41a36875597dda7b59bd56525793f2168439ba5c3c79a4f77e1	1346792
UBERON_0001875.byTargetGene.tsv.gz.tbi	672eccc1cd52c6c154587db362f7745c4124c2b7c2bedd6e1c30a8d5bac6ae89	139379
UBERON_0001891.byEnhancer.tsv.gz	2bc5fc405890563f649c44d721b0c80a7e858e09101b490bb29eb2b2bdf1b863	1196505
UBERON_0001891.byEnhancer.tsv.gz.tbi	f5582523f64547116d0e3eb2e62c46494cd3f6041b4504ebf3e18d35b2f0b04f	247507
UBERON_0001891.byTargetGene.tsv.gz	7c0229283675b743f607c8d0f33ce24d9d3c45d1fb6b13a968be339ae67c7cf4	1336719
UBERON_0001891.byTargetGene.tsv.gz.tbi	c58d9975aa27367b9058b72bee50ea05aee0261007a254bc883e264377d5a081	139837
UBERON_0001896.byEnhancer.tsv.gz	5c0eb55fea998bd9672b1e72f8e9743d269912595d42a80b2e114050d075b642	1229122
UBERON_0001896.byEnhancer.tsv.gz.tbi	ba93f82dd9a5679f602c3f1965515dd8b5a52a19f6eb38cfb86726bbfa4b6495	255449
UBERON_0001896.byTargetGene.tsv.gz	1a51aa64de75555efb898d5109f253836aa17a5ecf6c130acffcb6e17488d985	1370409
UBERON_0001896.byTargetGene.tsv.gz.tbi	f775c98103f9481a5cff1c4d80dce25b94352a5724932c02b4c65a52422db50f	139774
UBERON_0001954.byEnhancer.tsv.gz	8746dafce0d0607b1d218a402fc8a3984ba9bbd43832ed0033ec8471fd034b91	1200866
UBERON_0001954.byEnhancer.tsv.gz.tbi	b9261ccde9977ec2dc0c206d0509ee63098e1f9a68eefba77d9f61e7e67df631	253997
UBERON_0001954.byTargetGene.tsv.gz	f514972e9d4e4a8b64f677471c832eb5b3cbb63349c5e11a19f00ff1fc98d7a3	1341252
UBERON_0001954.byTargetGene.tsv.gz.tbi	621c74fc3de9fd4c614905d1352391db0c1bc628f1322ef8dc69f9469b96e146	139344
UBERON_0001987.byEnhancer.tsv.gz	11b201422cc0ee6ee1e57ea375e5baae2deae2bbdfbec3152808065a4193041b	18328481
UBERON_0001987.byEnhancer.tsv.gz.tbi	cc3a82d94bb54263d0e27bf9b7bf54e5fe59289050e11e1becd230acf1ad8f33	368922
UBERON_0001987.byTargetGene.tsv.gz	d12fcfd18556c25eab1e9dcc2b3df8ab0813b304c61fb810738e3482bfe67433	22292181
UBERON_0001987.byTargetGene.tsv.gz.tbi	f2cdebac846998271acc5e2d76b7ae2ded095c08d02d73066ea77b4f6e52f3c0	171966
UBERON_0002021.byEnhancer.tsv.gz	81f23868423a99257a9f30b8cd66e36bf99b51bfb074012592047fd6d094d9a8	1150454
UBERON_0002021.byEnhancer.tsv.gz.tbi	ecb5eb1e344e1dc8cb8d0272362021492d2a3e8e964287be1b5fa1dfd3c411b0	263763
UBERON_0002021.byTargetGene.tsv.gz	a1aed721c1c83d597bab658ac6659293e2c9ca6bae42f8ae1988cde4a54efdbc	1283619
UBERON_0002021.byTargetGene.tsv.gz.tbi	bf11aaf61a45d9832c6086b078244c500a2fa87d63093cef3a15871fab838d68	140443
UBERON_0002037.byEnhancer.tsv.gz	94575a7f6a74a1fe9c1910479e0dbe006f099868de1d12d12b9966006eddbe30	1241512
UBERON_0002037.byEnhancer.tsv.gz.tbi	18bf44a689d289cfd6c327586b7781d8cd61b2595e7793bf16110da86efa2b07	228376
UBERON_0002037.byTargetGene.tsv.gz	f03077cbcbd66ff54e1307892644a8461cde8722ee8e830e71759c6bd9e4ceee	1390092
UBERON_0002037.byTargetGene.tsv.gz.tbi	15d64d9ed7c85ecb54ab7c7adfbfaad42d4946babd28554d8c8da4ff011fca23	137546
UBERON_0002046.byEnhancer.tsv.gz	229b9f2faf676965a17c78d8b0e13d8504d46ca4c5e67966eddeea9f537dcad6	3976298
UBERON_0002046.byEnhancer.tsv.gz.tbi	67cddd048e3ec62b4fcdb056357cc1bbdd6da084cb936d82b500c0d29b50931e	306157
UBERON_0002046.byTargetGene.tsv.gz	f42dd468b2b662bf8300badaaef2caadd653edf370e11908a8eb891aff330c67	4574644
UBERON_0002046.byTargetGene.tsv.gz.tbi	f0e3db3c86e567bcc2252104f1cd243d9467b5aa2a252a9c8aa33e720bbac420	154123
UBERON_0002048.byEnhancer.tsv.gz	5a98c2d8d1e9e8bc3e725f8be71cbe73cf7e638282aa18874be66230f632e8c8	11019473
UBERON_0002048.byEnhancer.tsv.gz.tbi	c1d2bd762b7c31054af9f6ac044446909a6b0abb4d0ab3c44b9c3d98fbca7245	392072
UBERON_0002048.byTargetGene.tsv.gz	0d9e87eeb00e1cb7bcd1a09f10c4d8ba6b7710cce750fdf43a363b9dd1cc6943	12999436
UBERON_0002048.byTargetGene.tsv.gz.tbi	9046befa538842b256cf0e30f74e75a3161f8a5e03c867b04a2974c3aac4dcf6	165392
UBERON_0002078.byEnhancer.tsv.gz	5ed13fb424fd231f12ad57a2b828899a0ca42d0b9d88613a4d4f5d7473de5f07	3256445
UBERON_0002078.byEnhancer.tsv.gz.tbi	dd5054164b8c79d86244aefe30d4d3acc57411e95ce39e2e45180f17c6f223b2	257235
UBERON_0002078.byTargetGene.tsv.gz	591ac49925a5ec1538a4fed9e6ea19c38a2cfdd4ba2cae05842b26548ccbd991	3745598
UBERON_0002078.byTargetGene.tsv.gz.tbi	af3f8693f05d99e742212ffaea3cf16585a282cf81471e2de9e892242c473994	146010
UBERON_0002079.byEnhancer.tsv.gz	883c61b90b6efb55552b461c6ea5d184268ac413d00a1b88d025bb2c68029e66	2207592
UBERON_0002079.byEnhancer.tsv.gz.tbi	b769e5daea6505e9bb52f91680907c50e53de2205a8df088cc053bf700a73321	289771
UBERON_0002079.byTargetGene.tsv.gz	ccd4d1f5df79d7dd49cd5774bb44efb362531ff942891ca2d5542845adf4c3ea	2480113
UBERON_0002079.byTargetGene.tsv.gz.tbi	efcc79021a7a9782c8bba89e6f0c8fd7c9b077c350e67a061ad7cd8574300968	148566
UBERON_0002080.byEnhancer.tsv.gz	a4daaa385c14fd7529cbee490a189780f1a5cfd6e5d58222bb9b0736ca7dcf52	9394011
UBERON_0002080.byEnhancer.tsv.gz.tbi	c194c63603f91b301830539eefded192a0b12f9833d12d38fce6dfabbffe398e	354067
UBERON_0002080.byTargetGene.tsv.gz	9c02afd92f3e0f91ffc9540b51b70d6f7b9abdf9558438df3d4d99c2194b5b31	11100916
UBERON_0002080.byTargetGene.tsv.gz.tbi	ac8a4330c4c09c3f91ae3a23cada2abfd65426c6153ca7c5baca6b589f8b1546	163045
UBERON_0002084.byEnhancer.tsv.gz	0e18dbe3884068acbcf1e763d820bdebd7f42fe79a9aa905669d2edb9f118e74	9449228
UBERON_0002084.byEnhancer.tsv.gz.tbi	9bb629ebd350706da5b7db27aff15c971a8b285a1348e66a76d766099564af3b	367181
UBERON_0002084.byTargetGene.tsv.gz	b1757103a1550760cd6020e6e12e9eac6b1167eae662ea935298b9a7b6824cce	11108607
UBERON_0002084.byTargetGene.tsv.gz.tbi	ce387cb8a45659ceae7edfc6412088215cb704b9ad881df4067f74f3b5a6fa88	165748
UBERON_0002097.byEnhancer.tsv.gz	1b39c00d1fc7db001602114d322c68a08156079b63df21f247dc430edee87c93	1101179
UBERON_0002097.byEnhancer.tsv.gz.tbi	684fbbf7fa5690408425890cbefe89407b202c78fd18e5be4dfef9507c8ef9ae	270300
UBERON_0002097.byTargetGene.tsv.gz	3f9623eeaa6526612c4e6b34e0fa8a53cc3a6b866a7049303b1b2f983e00c0bd	1233806
UBERON_0002097.byTargetGene.tsv.gz.tbi	3e327544b502fa39eb5c55fc8b31cc309942a7ca028323197418b7019091d02a	141485
UBERON_0002099.byEnhancer.tsv.gz	4a94c1e912def994005664ecc7ed6c03a0bc4710425500bb600498a934b7a278	1255151
UBERON_0002099.byEnhancer.tsv.gz.tbi	05fc84776f4c64cd876b55eeeb680901ccf34959ea0ab82a677fddb08760c00a	233947
UBERON_0002099.byTargetGene.tsv.gz	78378f1203175540ff25cca1ec604fe9c260f34d27a7c4d6b5f2dbde233c92dc	1405460
UBERON_0002099.byTargetGene.tsv.gz.tbi	c56faf8a62f93ac8b31abd8c7b03eaea75819e5c70e0d9a8624aec286fb84ebe	137908
UBERON_0002101.byEnhancer.tsv.gz	1487fec038208dac863a7392f041ce730de1416136e743b989608de8b3f2ad9a	2027519
UBERON_0002101.byEnhancer.tsv.gz.tbi	4cba388027f2a02472065f5318664bd18963b8cedeece232e4c8a56d701ca04e	285408
UBERON_0002101.byTargetGene.tsv.gz	20bb3973f797c36ae5db35e0e328fbdd92b246cc94a4969e21baaa1f9e1ba7fc	2282452
UBERON_0002101.byTargetGene.tsv.gz.tbi	a7d9054c69d4257eac97bd716931b9f0de65276ad1157fb8afc085dbd35312e9	145970
UBERON_0002106.byEnhancer.tsv.gz	572e64cde193ae676641b2f8ed8bebf4ecc49e712f3f874ec6e8f1269d44a731	5367969
UBERON_0002106.byEnhancer.tsv.gz.tbi	9407a772f28b385ebefe3e05f87da79a1a0ab8867bd631267ff9fc0e211b0cd9	322378
UBERON_0002106.byTargetGene.tsv.gz	2349cc49d2dafea833834829acc62d619ddf6b3d0148953190a06a28836d7e90	6155651
UBERON_0002106.byTargetGene.tsv.gz.tbi	62a2d417bd84f3f4962187034f16adcd0aa4b3df967d838d0089a8247c379142	160118
UBERON_0002107.byEnhancer.tsv.gz	52704a554a8feb767f0f901da8c9041843613f3fffbc24cfd1849a78b79c7613	2219755
UBERON_0002107.byEnhancer.tsv.gz.tbi	1158bc7860808f230107178422a96f392e095207069196751a2a25e081224145	281830
UBERON_0002107.byTargetGene.tsv.gz	37cf4ad69ecbdbf0fce1c8df22a9f779b3b47cd1e5aa3cd5eaf10eb1e14ed452	2502421
UBERON_0002107.byTargetGene.tsv.gz.tbi	674981f34807950c91cc0096f7b582a90c191fa3accdd3264ebccab93e4b4dc5	147885
UBERON_0002108.byEnhancer.tsv.gz	86ea338b4cc01a21513cc10432d81ca600b23552db9177da1c8a9051579b9a65	11275341
UBERON_0002108.byEnhancer.tsv.gz.tbi	a0bd2a092e51d26b85055c6cd6d399aca8d5307d3f1984c2bc585f21df1df14c	357606
UBERON_0002108.byTargetGene.tsv.gz	19a869e4e186a759af15d3bb4655192070ed921ac5402f255b5019de54b2a824	13381176
UBERON_0002108.byTargetGene.tsv.gz.tbi	facbea1cc3c9a94add4e4a0d6b01d6b63c0d7548c0afffce0618360d75f91795	164230
UBERON_0002113.byEnhancer.tsv.gz	0de28357ed91db6c7f3069d44e23b5da170dd54dbb557e5b46a1ecf8dbeade89	11736466
UBERON_0002113.byEnhancer.tsv.gz.tbi	9412528baee1a76b3a2898371827f4f689be81f29c40df51883b389b431cc5b0	359673
UBERON_0002113.byTargetGene.tsv.gz	f2576abc536f88ebbea764563d9ffcaf7bbfb1d7b819389d3e7f2c9dd7cafbf8	13875316
UBERON_0002113.byTargetGene.tsv.gz.tbi	c8bc3f7d6e4babc74971aa68fccc631518ed99f9aefff3c9e16cf5d45992c987	164527
UBERON_0002129.byEnhancer.tsv.gz	ec501b8ced7c87c45518a6c4f6b65b999d36341947aaae8ce781d045599803f9	1241309
UBERON_0002129.byEnhancer.tsv.gz.tbi	da6c0f1332a3394d3268084f83b78e4aaf1fe896261ead2a484d0c9ce47743c1	244436
UBERON_0002129.byTargetGene.tsv.gz	5e34c44d98a9139f8385ef0930f7349bde2b1f1f93fef951b9887344b3a2efa1	1385970
UBERON_0002129.byTargetGene.tsv.gz.tbi	147be29ca605902b6cae6d9ff44881df7005a51e2b75ac142f3a11a8129c8294	138380
UBERON_0002167.byEnhancer.tsv.gz	b5421f078897282cdd61e90bc9b274102b75427b0266b755841fdb391959f354	8618997
UBERON_0002167.byEnhancer.tsv.gz.tbi	a380af3e524d56bc5f4362b46b0bcfc26f10f147f49b3c102f0faee80c922f16	345670
UBERON_0002167.byTargetGene.tsv.gz	b681509bc37b69dbdd13b2bb23bcd2c254de49970bcfee64530b8fa51ad68188	10115822
UBERON_0002167.byTargetGene.tsv.gz.tbi	2122daac60e632263c12c49b5b05ba1fb1519eee521704ad8c23540f0a7199ae	157297
UBERON_0002168.byEnhancer.tsv.gz	43fe0e70f13d81b58d1ad28b3ad7bc7fc0d17d7ade92469d7afb10250761b032	12128660
UBERON_0002168.byEnhancer.tsv.gz.tbi	b67210d18fa3789627d26d2e68598b712e8a00fb7437a95f84f218446eb382fe	378202
UBERON_0002168.byTargetGene.tsv.gz	660a2d864999b0aa258dd20f1ff0f67bfe871a6f09f4cdf4751150348bd7f795	14317431
UBERON_0002168.byTargetGene.tsv.gz.tbi	58465f0cd0c99b6e45a6e280332da06e46217a7ccf0281247043caf5ffb48ee7	167753
UBERON_0002170.byEnhancer.tsv.gz	31630a14fc596d922d94c3d04be28db9a04190a959272d73989494f74e8a3d5d	1329484
UBERON_0002170.byEnhancer.tsv.gz.tbi	81e1332820eceda96ee3981e5c7c710d6f2a4a417255f5959026f0fee4c2d7d6	220885
UBERON_0002170.byTargetGene.tsv.gz	f23ab3ec599e7432e3442490fb33967d2a112c7791079557cda9becec27d300d	1486407
UBERON_0002170.byTargetGene.tsv.gz.tbi	605e68b530f5feeb2b14978b5d02cf1587788551dd8cb95e73653986489e82e8	137765
UBERON_0002171.byEnhancer.tsv.gz	761a99ae8b43eb030fb5b852d53626d58456c26ce4be27b2e2b2c78eb7484eb5	1350915
UBERON_0002171.byEnhancer.tsv.gz.tbi	67289d4042f3f2c20e35ae280efd711aa87313787258784534739dad68f8ab02	221195
UBERON_0002171.byTargetGene.tsv.gz	5650d463004b07a3ba87c1e2be4380ab1ab15e78975950de243cfbaad2291e11	1509506
UBERON_0002171.byTargetGene.tsv.gz.tbi	f8dc2c09c4c2186ee005362984e43d7f36c8dc6f7986d913e7ba7f97a6a7d061	137948
UBERON_0002240.byEnhancer.tsv.gz	d2e1ec751331a9ff3cd95fb2aa36af9c125a871b5ec1d22ff55783033a31a301	4922889
UBERON_0002240.byEnhancer.tsv.gz.tbi	a0c562fe3e271fe4246dd49de76c83472d376cb13aa31082f00b7dc01e8c591c	341372
UBERON_0002240.byTargetGene.tsv.gz	473c87155c23e8b5d484ee1b41f22ed82d56cc477d75d6e28da537193ab4ac4b	5663986
UBERON_0002240.byTargetGene.tsv.gz.tbi	38c2a9b06ae1afa15adba0801d268d8f70fe49e840eb7f2407ffdc0ff961642b	150971
UBERON_0002324.byEnhancer.tsv.gz	f7456bc16499acb73cc961078a1f65066db1f3125cfc67d3a3894fb7a8758a1b	11607625
UBERON_0002324.byEnhancer.tsv.gz.tbi	5f1e8c487e98a476cd550320eb9a24cd62ae793822805dec2b676c4a4acabf65	362758
UBERON_0002324.byTargetGene.tsv.gz	b7cf4ed79c55c07e7d1376e9aac820e7b19495a875c037ecd4006c53fb222e4e	13777565
UBERON_0002324.byTargetGene.tsv.gz.tbi	6c8024798279762f9bcc24f71c451d8c9afd653e3487c973ce2ff1ebdda65707	160711
UBERON_0002331.byEnhancer.tsv.gz	47346d05df600a70b850da1499563ce1c2cad53d89c7f33a02cd35a8fa0e6064	1152276
UBERON_0002331.byEnhancer.tsv.gz.tbi	14faf12f6e8ef55681956af16bd550958605a97db5c3ea4e6bd64ea6fdf42e4f	249785
UBERON_0002331.byTargetGene.tsv.gz	b1a60d12298873a81d57d9f714b5c20cbc1d393ac977b8a13730114552d33fcf	1292068
UBERON_0002331.byTargetGene.tsv.gz.tbi	151a2c73a0064210ca66b3d0543e7bd69b85818e27da888f02786323dad807d0	138694
UBERON_0002367.byEnhancer.tsv.gz	b805e5977b221c1efc1bc83ebe4a389175ca27ec46efd7eaaf38779037d33e8e	1206559
UBERON_0002367.byEnhancer.tsv.gz.tbi	8df962f4d9b5a7eca308f1e634454449bf33b9ed26fc8336be9e392641783b9a	242020
UBERON_0002367.byTargetGene.tsv.gz	101fef9d683770f68ad53ce03ba094549d3aaee2a087048d0b9cc39bf7faf4d8	1353063
UBERON_0002367.byTargetGene.tsv.gz.tbi	e6ad4c2560800125a360ca29db1e0d9abb1f3ac2a0591a271178fc81fe6649aa	138244
UBERON_0002369.byEnhancer.tsv.gz	df8e5a39e0a96b23024cc0fadddaf8591019812a357423cb2f90c989499ff5b9	12884591
UBERON_0002369.byEnhancer.tsv.gz.tbi	9040804804c1f36fd8549a3a94f0d2b387133df60e21e1136298ac318e33d082	377044
UBERON_0002369.byTargetGene.tsv.gz	5af022ea860e77f5a4a7c686bacf9648b60af02018ad7949a7cb7d7181177587	15359797
UBERON_0002369.byTargetGene.tsv.gz.tbi	18835da2605603cfc1556b80b7cfc4422314659e5bc0b86a3f7f39ac2af31cb1	168021
UBERON_0002370.byEnhancer.tsv.gz	312b71159e22874cccb1b86ec26dba4b05af7ca0dd7514adb78f96f72eb19447	8099630
UBERON_0002370.byEnhancer.tsv.gz.tbi	fc10c56474b8cb3097b130ac42b7c8c672d395c98d7597b00dfaa851b4b9769f	339234
UBERON_0002370.byTargetGene.tsv.gz	d0122cbb12581a785bbeea9fdbaeb9f34cb210665013d61e9f9e241750e14c42	9500299
UBERON_0002370.byTargetGene.tsv.gz.tbi	38ae31ed6138b10fa3b9a3ce9304b4a0976758f191c7b81e9892df296e847505	164080
UBERON_0002626.byEnhancer.tsv.gz	9c3c27f1156668cca4db9e44dfd6988c52f22cfa879d9d925d9a79b37990fdb8	58493176
UBERON_0002626.byEnhancer.tsv.gz.tbi	7b95678a80e4d312139c300ee8a4ca0b50f9d685b4ff62d21b50ae7018d95ece	401980
UBERON_0002626.byTargetGene.tsv.gz	7e7c5ee0ee005aa4ab713b9275bf962ba32e697abfc491646362883d95047a42	74598112
UBERON_0002626.byTargetGene.tsv.gz.tbi	ef335f66b501d0d0ba282a89006f6077547a6ebee31ae715da5bc32f2b0f13fd	192128
UBERON_0002702.byEnhancer.tsv.gz	536e457767e86f54a6c4fceefaae78d15e3913405b499275e49a1b233ffcf9e0	1124514
UBERON_0002702.byEnhancer.tsv.gz.tbi	ceae4fdfce58eeba923d98c412b72e10cd0d1c39ea9ac726ad7ea6131989b206	259138
UBERON_0002702.byTargetGene.tsv.gz	fc262f17964c2099f05711886e6c295d3ab2f60966457a5f2d16a8a6c9030f1d	1259566
UBERON_0002702.byTargetGene.tsv.gz.tbi	24f7d6be4ca7f824e6aef19a053818e1ed29a4de177de995bb5ab41d3cc64cac	140036
UBERON_0002740.byEnhancer.tsv.gz	155d186d48a6467e9813d9f62451fefb05ea220287cbcac58b760dfc0c883ed4	39122882
UBERON_0002740.byEnhancer.tsv.gz.tbi	23da002e3a1c382f7ca0e6d9a358bcc099d36d893cf8005e3401fddf6f7091a4	374066
UBERON_0002740.byTargetGene.tsv.gz	884e920e130f4b09af1963a85b2e7cc94ffc4a74cdc62b3c3cb808dd545ae0a5	49035687
UBERON_0002740.byTargetGene.tsv.gz.tbi	229fe77ecdf5a0e8cfc9fef25e5f5a4631d57ac323af40544fe049d0f3fef19f	183243
UBERON_0002769.byEnhancer.tsv.gz	fa35468778210b91153b1f0fe66f3d6ca25cab3b4d2ae7867bfb62971c49c36d	1167030
UBERON_0002769.byEnhancer.tsv.gz.tbi	c48fd266d0dc8b9f088d47786879bd711fdfcb68e2623826533cd48892d60581	259416
UBERON_0002769.byTargetGene.tsv.gz	4be9705ef6f36a6f400d96eebebd71922bf0658405d3d862d8cd0195493415fc	1302182
UBERON_0002769.byTargetGene.tsv.gz.tbi	bc268f71a7ba70261f8b41f43f918b7115b4863ea8cfde31221fa38ff9c047fd	140871
UBERON_0003124.byEnhancer.tsv.gz	e468c8ada40b37aaa9d8e9d49c7b4c61775e740219b7b8e24cfe8332e5d63ba4	1196256
UBERON_0003124.byEnhancer.tsv.gz.tbi	72f0bd0145cfa4feef0dcdc7f70f2d85d1a30dc6564207d0da04ff5e3d98d911	189905
UBERON_0003124.byTargetGene.tsv.gz	341be8a6742792e3b9ac6a9b9026b3c60b75d1b7ae315ba7600b61ad0d306ec2	1339340
UBERON_0003124.byTargetGene.tsv.gz.tbi	c92c07aad8c6b21ddc1bdd193935c50e34a419374a770b9a5f47b80798b03f51	137524
UBERON_0003662.byEnhancer.tsv.gz	babff59ee25b29e9bafd128ad53e9ec5191a2ca3d004840bd7cd881cb3be2718	1112396
UBERON_0003662.byEnhancer.tsv.gz.tbi	13e8821974f7696f9049360a5061d2b288fa2d3f4324e7335ecb7ec9e600f10a	258071
UBERON_0003662.byTargetGene.tsv.gz	46554fe01d3d54d836782aad9b3904ba05e3adcb40dcd842f3fba6aefdeae38b	1246310
UBERON_0003662.byTargetGene.tsv.gz.tbi	b1c33a1788700c93ae3b34760a36d45b5cab1089d28fabd78fa31ff99ab2dfa3	139418
UBERON_0003663.byEnhancer.tsv.gz	46c3a5d16a35e881b87a0d129fccecd56bea7738cd2678fc738ebf5ad96ec792	1136631
UBERON_0003663.byEnhancer.tsv.gz.tbi	3c873cc1c4c63a60175eab161345dc636867b38226a6cb90a1ec99fa9564a82c	247037
UBERON_0003663.byTargetGene.tsv.gz	8f80b457f6a09ea2af0fab986139eb35db1995220a3bac8401c456913762e1fd	1274596
UBERON_0003663.byTargetGene.tsv.gz.tbi	22fcb44db686f4d00df488df16543fb7ab07bb60cdd25f096dbe51373d967ec0	138244
UBERON_0004264.byEnhancer.tsv.gz	c84ec57d22637a70c92303da03344ff49ba0cbdba3ce6d2b977a1a74663c831c	2374165
UBERON_0004264.byEnhancer.tsv.gz.tbi	5109d5ef7dca17c6e72f193e398e83fa70cbc51b7ab6d2eb5f9f9edcce51b2a0	264158
UBERON_0004264.byTargetGene.tsv.gz	2afa8199f0f5ae8f14ac3274b659cf56a65f3ecb264a2f8bae0be69fcf14551c	2673573
UBERON_0004264.byTargetGene.tsv.gz.tbi	87ae2d6f5c3877a26de9d87a34ca4f77f9a1dbcb96e227ac4f99b7ad034dd4d8	147112
UBERON_0004538.byEnhancer.tsv.gz	e2cba904883c11151c26a57fa22c28495a484a6cb356b8f6889e46c458ccb1c8	7444460
UBERON_0004538.byEnhancer.tsv.gz.tbi	c1a2515cfcc4cd5b19c0ba72b39ceda9e68d276b67ef5e82f70135b9ec6e9b2d	327926
UBERON_0004538.byTargetGene.tsv.gz	83f8fd696a9cebac692db266dfd22a2115f9ee66240c9aa8f5da9abd08d31cd0	8681355
UBERON_0004538.byTargetGene.tsv.gz.tbi	ac0bf3dd1ca02cc3135cd7a26987790358b93712aa45187a964c5c5ea9c65695	153668
UBERON_0004539.byEnhancer.tsv.gz	c2c50a7df67e903084479347b11ad0685247933bcf22aaadc8c558e4c2f9eb7b	8220219
UBERON_0004539.byEnhancer.tsv.gz.tbi	7cb47ef47de2b084719cee5520b79a61dbba4ed5add60c5828e6f0e7db1d2185	324286
UBERON_0004539.byTargetGene.tsv.gz	d0684817d1fc4427384c4fc89cad92a4cfe6eca2e3f8fc2e201001d4b97bc3e6	9606958
UBERON_0004539.byTargetGene.tsv.gz.tbi	8c672b6ca25e51a607a76384c7e7f49b3a9279ba72322aa62580701c5768c9af	154734
UBERON_0004648.byEnhancer.tsv.gz	299d9a2739f60efb7d0e350f174cba3b377ca830e33d2bdd4a81d0f712616ffc	1096549
UBERON_0004648.byEnhancer.tsv.gz.tbi	95adb5d4efd4187fe9dd318c7ff3c97243be1983dc7389c5cfc0504436929002	252255
UBERON_0004648.byTargetGene.tsv.gz	25518829bbc3aa79e2b4b6d9a90f54d922aa49d6c2b7c3980b6d6585cfa0c695	1230676
UBERON_0004648.byTargetGene.tsv.gz.tbi	491ce41b9d9016e40ef4ddbc5546778294634ce73effb69425f0b6f9be71ff29	138284
UBERON_0004992.byEnhancer.tsv.gz	1c9f4425f54ffa5a8349b1bd34bcb8ff779157606a22abeded0b88563d3f88f3	3457115
UBERON_0004992.byEnhancer.tsv.gz.tbi	f89f7bb33fd1d32732dd72c431e88811ce4bea9a670a7f96a18c5aa168fe1071	271121
UBERON_0004992.byTargetGene.tsv.gz	f0968cebf0af9e97d3056d40493d2c81ad59148a1ed62147914b1859f85cf223	3939775
UBERON_0004992.byTargetGene.tsv.gz.tbi	23d8ba63898099d53fbf6bffe91bfceef0bd58468b45023b0e88409e45aebccd	149663
UBERON_0005033.byEnhancer.tsv.gz	8bb2d932cc67ab7c33e31bd3ba796426ea9d39029a2457acd321d2201add3aa1	1226006
UBERON_0005033.byEnhancer.tsv.gz.tbi	8079b6c4a10eecf3e2581bfd3df3d5bcb30a72e929acc5c06de8392663631549	243383
UBERON_0005033.byTargetGene.tsv.gz	e84a1bc17d9d3f14cb8944f0a01a841503d4b561f6d1db2084fe5b480daac2bb	1372456
UBERON_0005033.byTargetGene.tsv.gz.tbi	0582c418262c8afe031ea77901563a659bd9f5c60d4ba1c0090a31135331b27e	138555
UBERON_0005270.byEnhancer.tsv.gz	abd097b71ae32a950e4f41ddfa175b81cdd92a3025bb1684d64941ae7d190d7e	8781188
UBERON_0005270.byEnhancer.tsv.gz.tbi	5b2fc5383e356e2a8e97e4914c2303a3e3758525361217318438467955071f31	331268
UBERON_0005270.byTargetGene.tsv.gz	578ddd1f9c1e8ab812663707aee2501a845fc13a41128834f18731b26816beff	10351003
UBERON_0005270.byTargetGene.tsv.gz.tbi	51e091f9f4480aa63b616a14562d32705444a1ed176617dc8be0513685b21a1c	154329
UBERON_0006088.byEnhancer.tsv.gz	330011ca1cf1a1e1d3447cffd5b774fd0f5969236eaed652dc4ad39ff212b61b	1167094
UBERON_0006088.byEnhancer.tsv.gz.tbi	a735301d020c050a8010310524f531adf241d17670aa62353162ab7af69bdb36	260941
UBERON_0006088.byTargetGene.tsv.gz	06f4ff2b73ad301e37494f29e632fa99748ffa201dbb21030b38bc24824e096d	1303189
UBERON_0006088.byTargetGene.tsv.gz.tbi	8afd87ddcbf53052ea11c052a50959d25dee1db0dad1e8b795b6016a1efc025b	140298
UBERON_0006631.byEnhancer.tsv.gz	a3da2c1e3dcfa724f7c62653bb4a38f36c2427e5bdd7b6e44fe540b3a3fcd47d	2135430
UBERON_0006631.byEnhancer.tsv.gz.tbi	bcacaad84e1c9ed4470581ebe5a9b55fcbfb75010f5a64193d3ebcb05a19531b	286397
UBERON_0006631.byTargetGene.tsv.gz	db6c760e1521c67bb763364d517749b57518076575937973bab534cee5184a99	2389712
UBERON_0006631.byTargetGene.tsv.gz.tbi	8c219cecd41426e14eb7fdf0426cfc3077c1e30af41679a4fbcc286b54f7a6aa	148949
UBERON_0006920.byEnhancer.tsv.gz	b79328df9d452e9661f6a2c58a8b3ab091fbebf97059eb37cd0eb53e1d989f53	1143625
UBERON_0006920.byEnhancer.tsv.gz.tbi	aa7a3378988e201e36a42c5d9026fd99aaf498b120ea63f3f1e1541ecd704969	234413
UBERON_0006920.byTargetGene.tsv.gz	bdd7dd007ec438daa5b34d1d2654b6560b1b01c8ba71fc2601ca75f6e8cb12c6	1283506
UBERON_0006920.byTargetGene.tsv.gz.tbi	b79c49b3986716ab3ec2dcef56849a012f5905f1522609b31c8f129c06f5a4a3	136619
UBERON_0007610.byEnhancer.tsv.gz	24c48fc81e4e5601296e73f1444f5fcab827eaf6b4a295785268a1fa24abf82c	3226517
UBERON_0007610.byEnhancer.tsv.gz.tbi	1f0192894b9409b7dc41f5b6d6f61cc9b84dd0a9795b556ee3c5e9d31a16bc17	286413
UBERON_0007610.byTargetGene.tsv.gz	ef213770e00e3659cea61f70cf2a716a3b11553b6ae35c2186222a11f79c14e7	3670676
UBERON_0007610.byTargetGene.tsv.gz.tbi	a8891f936664b7ff0e9f2ee712cf2b7aa04d4a18e1c789cb47a006dd589d80cd	152378
UBERON_0008367.byEnhancer.tsv.gz	fe2eb64e2a52655899103780b9994b7136260999378be49b72aaefea54d90ef3	2351748
UBERON_0008367.byEnhancer.tsv.gz.tbi	ac7f14698cc7ac7555e9489c0419b08a5ab08ed885231dbb78e3f093b49751c3	269249
UBERON_0008367.byTargetGene.tsv.gz	adab5c9a096c77c3a1e57fda20d0dd092a86ecf53c39e6d9fe87d53165aacaf6	2643243
UBERON_0008367.byTargetGene.tsv.gz.tbi	2ff6203d40c269fbd8383fa33e9841d6a9fe322101126bdab3cfa69ed8a4063e	147749
UBERON_0008450.byEnhancer.tsv.gz	23d21cc00fe6c0a9d4160fc161d3dae4c0bd10443b9e0568455ba0e9d0a2e383	5216692
UBERON_0008450.byEnhancer.tsv.gz.tbi	a89a9b930c71864b6a2fecf0ed155b2c750ee4210910a222882b604f183fa230	310109
UBERON_0008450.byTargetGene.tsv.gz	0a8f51f860cd52b4a68ccd71c5844d208a46584f1c5090ad427e21b198b41029	5994496
UBERON_0008450.byTargetGene.tsv.gz.tbi	7cdd501eac98191e9b158f7960fbe0d82335eadbea90edbb7b1b7b7987a2f2b9	157439
UBERON_0008952.byEnhancer.tsv.gz	7341e05e4414b7feee69a4d6bbc0cfd74a53817dfac7a599c72a173602509105	7127637
UBERON_0008952.byEnhancer.tsv.gz.tbi	a4fd23bf3b02d9c9e124d24cb6c4eeacf00cb1b43be69bd4f20732df4ee7c0f8	319864
UBERON_0008952.byTargetGene.tsv.gz	345bc53f665241b930a1de926a9a695640bb6ff65e99a0a75d569f88de730a1d	8259041
UBERON_0008952.byTargetGene.tsv.gz.tbi	57963bc19c0067c1d9fe9b309bd1827dddba8341fad789284e36364c3c6a00a8	162313
UBERON_0008953.byEnhancer.tsv.gz	5018b3ccc5b173e1bb0184ae9aa5899dc22735f6024c05a1f03e89799948cafb	3421290
UBERON_0008953.byEnhancer.tsv.gz.tbi	01b9204f2da0b2c134e6b4eb057dcdeea6c21c9a015c6af9feda2bd86024f0d2	268953
UBERON_0008953.byTargetGene.tsv.gz	1b3c81daf420d442e944d13ee24e16388b3dab922d8003ef761db8a607a8c638	3884459
UBERON_0008953.byTargetGene.tsv.gz.tbi	f82881a00cb4aa745b0fba582c4ef6b4d1e7a79678acc7e29f077867a039be0c	153231
UBERON_0008971.byEnhancer.tsv.gz	12770c57364e95325ae5096b540668689ff9400cf29d910b34c3cb41700327ff	2366559
UBERON_0008971.byEnhancer.tsv.gz.tbi	4d242ba14c3bcea59b5820776c50bc68528a84c53c3e4f4eae1296d57314551a	252526
UBERON_0008971.byTargetGene.tsv.gz	ca16561ae512165deb11f32addba6dd8b765446fce3f9fa15b5c3f6e90b7a5e2	2683282
UBERON_0008971.byTargetGene.tsv.gz.tbi	17f7ab580d3e1909b62ec1f6ba688eabee7f567a8aa6df03d0aac8f7705f84b7	144126
UBERON_0009834.byEnhancer.tsv.gz	b652298ab0169e26a06210d90b6845281e69709711364860fe685ce0af0ddae3	44895098
UBERON_0009834.byEnhancer.tsv.gz.tbi	495ba30b4ac1e06e1f65a44ac2a6f8456bf552dcba59e02e72125154eba66b34	379516
UBERON_0009834.byTargetGene.tsv.gz	60fd6b2a881d4215a2a2e220b2531d239f4e8abc2cf720111460bac79e5e1360	56593990
UBERON_0009834.byTargetGene.tsv.gz.tbi	e2e98f8e56d224ed7f013b6d9e949d1aae744a6fa45e6ab0a2a6b7766fe6a51a	185221
UBERON_0010414.byEnhancer.tsv.gz	7084cca11beb048ee3999c0d94dba80b0dbda748e5314b267ac308a86c9c395b	2142549
UBERON_0010414.byEnhancer.tsv.gz.tbi	024da82d320af33fc01cf328be804686c59661f89f38a713d525745028a48a06	277109
UBERON_0010414.byTargetGene.tsv.gz	854652f772496ef81d960cbc492a49e98b77bc58da6e6840ec08de0800cd8eaf	2396377
UBERON_0010414.byTargetGene.tsv.gz.tbi	a90c8b7365a30e93a0b4a51fb4a12e18ec116b988dabd1cb4224368a3bf66aa8	148084
UBERON_0010754.byEnhancer.tsv.gz	8809ddea649c9e5db29765fe637863aecffecedd7febe80a668512aaa5528895	1188069
UBERON_0010754.byEnhancer.tsv.gz.tbi	ff5ec4f593cff501e389762a27ed5248098a087dd5059b89be8972506d5d685c	235589
UBERON_0010754.byTargetGene.tsv.gz	1015b5a795d220684abd7c04c291dc16371756a8638f4968d8862cacb3d15d88	1330961
UBERON_0010754.byTargetGene.tsv.gz.tbi	a4b03bc85ab5bcaac1f367dca306bba4ba3bf30df318872ea0880dfb3f8acbc1	137930
UBERON_0011907.byEnhancer.tsv.gz	9a2a5790cbddc0af23c4e60cb32f9bf08d3bbc44e0be8023ab6e44ffc9541804	6043667
UBERON_0011907.byEnhancer.tsv.gz.tbi	1710a9245d222977675e4be45999810dc1a3709187d2ff734e61b90dcfa7dee6	309714
UBERON_0011907.byTargetGene.tsv.gz	393fff8758529e0ce7db15b479bc8c9cf2ab31d2ee5f7735ce82ca8bdce98393	7022579
UBERON_0011907.byTargetGene.tsv.gz.tbi	db2d1807dfa001a8ea52370159c52ddf4d3ee367647ec670be204df6aec505d4	159219
UBERON_0012314.byEnhancer.tsv.gz	7fa2b86baa54954edd632ce8f88e9678efb97798efa712470b68a109fd224762	1080580
UBERON_0012314.byEnhancer.tsv.gz.tbi	f763ee0204df4b2bee7cd807b4510dbc537344bf23f0a1f202ef5435d019364e	251649
UBERON_0012314.byTargetGene.tsv.gz	465d0f0eb6a51c336682aee99cf875ea1b74bea3518800511b1181acb9fff535	1214956
UBERON_0012314.byTargetGene.tsv.gz.tbi	773d19ba9fa8d6de98e85d8a3af9ff6a5f17f8a7eec49128f436024db17dd8af	139335
UBERON_0015143.byEnhancer.tsv.gz	232ca3a32f7f472653eb74567927c20ce94e4a2612a7b943b0c6e09e32adf8b5	1196026
UBERON_0015143.byEnhancer.tsv.gz.tbi	cbbc14aaa370d75d97546c62e2573aa6d4f89b18c9d1f7cbbcac27574e66c797	224070
UBERON_0015143.byTargetGene.tsv.gz	fe2c8bbe332262964ff6af6e37012a4e35c9359e405da6c4b382fa55be20caba	1339426
UBERON_0015143.byTargetGene.tsv.gz.tbi	d08b502db98c90f44a46892fd10392e9ec07be13dd67ed5f4e5f0c0e214b4729	137336
UBERON_0018115.byEnhancer.tsv.gz	e3ecd4301a3d4728815009cd1fff6f8b6f80f3e9249725731a74530bab93edd6	3578885
UBERON_0018115.byEnhancer.tsv.gz.tbi	390499b668c24b01ee44e6c06de341de94ce8554461149de5b235e7018329702	299645
UBERON_0018115.byTargetGene.tsv.gz	389d6e788c0755fadada580bbba053bd614f2ebf4bb137ea7e265e5a6fcf5012	4094695
UBERON_0018115.byTargetGene.tsv.gz.tbi	6285d5d161c7d2a3a81b175db8651c9e5bf38ed856144dfcc2d5e4ee23130543	148216
UBERON_0018116.byEnhancer.tsv.gz	8b3abfd490624d7edd546ec3b52f5dcec11955b7c5cacc387aa24885acf1231d	3587364
UBERON_0018116.byEnhancer.tsv.gz.tbi	85ac9706ccb407c146d4976480a89acb642a60fbc230d6cfba949047c2da3d38	301066
UBERON_0018116.byTargetGene.tsv.gz	8f8ad84ad11b74ac08a4c6519aabbc93aa886d55381b1834859a8fba4366ab92	4105727
UBERON_0018116.byTargetGene.tsv.gz.tbi	c48cbb15366646955de5013561c8cd03a71d221e00559b721ea45e92e3428824	147782
UBERON_0018117.byEnhancer.tsv.gz	5a40a700e6a334de186f5e91b1bbb7122f32f4e3656ee95235e914ba2eafe6b5	3524280
UBERON_0018117.byEnhancer.tsv.gz.tbi	17d47a4b46fc88a2b52156dfc9675029faf823b3b1162c18dcd18f7d6fe1bfb9	297662
UBERON_0018117.byTargetGene.tsv.gz	9b8a8354678b096e8d0d2290b5aad47536efae7cc829d9987864a4768f281b32	4020888
UBERON_0018117.byTargetGene.tsv.gz.tbi	d251b7c4f50b25971b745b597ebd018f9c513de05ee0cec1dc0fc1c5cce96a5e	148131
UBERON_0018118.byEnhancer.tsv.gz	c1ea53fd23601cfdf737f96fd40b552c5fb74d64bbcd899f2366787afc3dc65b	2767125
UBERON_0018118.byEnhancer.tsv.gz.tbi	5aa7bb18cf4dea0ccc8820dff61adabcb759d7889dd82e7f581a67b8f95a549e	293049
UBERON_0018118.byTargetGene.tsv.gz	a992a63373b0b65c57027a90245979a2c2edb9da1afa80ebf296e31ce0ba7a10	3136924
UBERON_0018118.byTargetGene.tsv.gz.tbi	d401f0e8302a23f1bfde3f80f34060767279efa15500b15db3398af714b78163	147030
UBERON_0036149.byEnhancer.tsv.gz	7b9c13da107acf1fe27acc82f468b5b079739fd41cc3e1777f9c2094b5d90eac	2444461
UBERON_0036149.byEnhancer.tsv.gz.tbi	d39ed38c75ee71d89ca2cbdef83733f9ea4023ccca51851fdb6d81ac4b168e48	235137
UBERON_0036149.byTargetGene.tsv.gz	5b13c54b056d594e55303df147c5fffdd3dc93d6e8d4148f343964705ddac577	2759916
UBERON_0036149.byTargetGene.tsv.gz.tbi	5413850e000714bdeeb4addb7735e16d9d3487449b866aee6eb9b9cabfc580b1	144384
UBERON_8300001.byEnhancer.tsv.gz	53037d9cf81f2ff4409a3073623411dfdaaa18fdce8605b356ceed2048d283f2	1164416
UBERON_8300001.byEnhancer.tsv.gz.tbi	3dc19bd83e26055ad528325317926c53e9ec7579f4661376c4b2d715a7a81be6	236333
UBERON_8300001.byTargetGene.tsv.gz	9c4578afdc25d8d8c66271685cc885066cfc74233ab22ea4224e2eaf3060623c	1306999
UBERON_8300001.byTargetGene.tsv.gz.tbi	c6626621bfc3bf111d43607da94e6087190a59726492bd969727e20965713a60	138499
UBERON_8300002.byEnhancer.tsv.gz	d43e0a25bcd7eda98a90b8f102dd74251729cf56fc879474cf30658d13b48783	1182070
UBERON_8300002.byEnhancer.tsv.gz.tbi	18d053604f275e809a2cbcb929f100905afaf51578cad1efa0e29550aed7f2fa	232427
UBERON_8300002.byTargetGene.tsv.gz	3a749bd4bcd41f71d5fac2858e9021c75bdbead12058100a9ed58f5897483482	1325805
UBERON_8300002.byTargetGene.tsv.gz.tbi	6b6496198af8389f68b21fbf27a46f78375cf9a6ffb80d20923206d7127c468b	137801
UBERON_8300003.byEnhancer.tsv.gz	f9863a00e31e065eff42ae195ae6f491369650a6c5af32cf73d8d22c1f9f801b	1184926
UBERON_8300003.byEnhancer.tsv.gz.tbi	025fc8f9e8874443954532c8ef9a205b6b821eb288651d48151f72e2d40ae8cc	238655
UBERON_8300003.byTargetGene.tsv.gz	a72ba5010f0ca5fcb78051b6d654d2a1dee86f403900ca7024cc6a216a6fe6e8	1328823
UBERON_8300003.byTargetGene.tsv.gz.tbi	18dff31db9d5643940e7a77173b6dfd647725d72fb89f927171353fa9adebd78	138169
UBERON_8300004.byEnhancer.tsv.gz	557163cf566cdf606800719f6beaebadb2fb817e72b1d84780fe4858d23652ab	1184160
UBERON_8300004.byEnhancer.tsv.gz.tbi	95fb351988b6b761e7446382e8e8758561ff2bb7eb6d51de2f9eee9dca3aea60	236491
UBERON_8300004.byTargetGene.tsv.gz	f5e9397cadcf35e169196d5542e680cc3048787e483b0ba82370d5b251fb6f01	1329024
UBERON_8300004.byTargetGene.tsv.gz.tbi	f9bdb7322ff492f958b2592276be3e339f6ddb4213e1685384a54bac38113cad	137948
